{
  "name": "{{Dataset_Name}}",
  "compatibilityLevel": 1604,
  "model": {
    "name": "{{Dataset_Name}}",
    "culture": "en-US",
    "collation": "Latin1_General_100_BIN2_UTF8",
    "dataAccessOptions": {
      "legacyRedirects": true,
      "returnErrorValuesAsNull": true
    },
    "defaultPowerBIDataSourceVersion": "powerBI_V3",
    "sourceQueryCulture": "en-US",
    "tables": [
      {
        "name": "driver_activity",
        "sourceLineageTag": "[dbo].[driver_activity]",
        "columns": [
          {
            "name": "driver_id",
            "dataType": "string",
            "sourceColumn": "driver_id",
            "sourceProviderType": "varchar",
            "sourceLineageTag": "driver_id",
            "summarizeBy": "none",
            "annotations": [
              {
                "name": "SummarizationSetBy",
                "value": "Automatic"
              }
            ]
          },
          {
            "name": "shift_id",
            "dataType": "string",
            "sourceColumn": "shift_id",
            "sourceProviderType": "varchar",
            "sourceLineageTag": "shift_id",
            "summarizeBy": "none",
            "annotations": [
              {
                "name": "SummarizationSetBy",
                "value": "Automatic"
              }
            ]
          },
          {
            "name": "action",
            "dataType": "string",
            "sourceColumn": "action",
            "sourceProviderType": "varchar",
            "sourceLineageTag": "action",
            "summarizeBy": "none",
            "annotations": [
              {
                "name": "SummarizationSetBy",
                "value": "Automatic"
              }
            ]
          },
          {
            "name": "time",
            "dataType": "dateTime",
            "sourceColumn": "time",
            "formatString": "General Date",
            "sourceProviderType": "datetime2",
            "sourceLineageTag": "time",
            "summarizeBy": "none",
            "annotations": [
              {
                "name": "SummarizationSetBy",
                "value": "Automatic"
              }
            ]
          }
        ],
        "partitions": [
          {
            "name": "{{Partition_Name}}",
            "mode": "directLake",
            "source": {
              "type": "entity",
              "entityName": "driver_activity",
              "expressionSource": "DatabaseQuery",
              "schemaName": "dbo"
            }
          }
        ],
        "annotations": [
          {
            "name": "IsTableInBiModel",
            "value": "False"
          }
        ]
      },
      {
        "name": "driver_shift_summary",
        "sourceLineageTag": "[dbo].[driver_shift_summary]",
        "columns": [
          {
            "name": "driver_id",
            "dataType": "string",
            "sourceColumn": "driver_id",
            "sourceProviderType": "varchar",
            "sourceLineageTag": "driver_id",
            "summarizeBy": "none",
            "annotations": [
              {
                "name": "SummarizationSetBy",
                "value": "Automatic"
              }
            ]
          },
          {
            "name": "shift_id",
            "dataType": "string",
            "sourceColumn": "shift_id",
            "sourceProviderType": "varchar",
            "sourceLineageTag": "shift_id",
            "summarizeBy": "none",
            "annotations": [
              {
                "name": "SummarizationSetBy",
                "value": "Automatic"
              }
            ]
          },
          {
            "name": "num_breaks",
            "dataType": "int64",
            "sourceColumn": "num_breaks",
            "formatString": "0",
            "sourceProviderType": "int",
            "sourceLineageTag": "num_breaks",
            "summarizeBy": "sum",
            "annotations": [
              {
                "name": "SummarizationSetBy",
                "value": "Automatic"
              }
            ]
          },
          {
            "name": "total_time_online",
            "dataType": "int64",
            "sourceColumn": "total_time_online",
            "formatString": "0",
            "sourceProviderType": "int",
            "sourceLineageTag": "total_time_online",
            "summarizeBy": "sum",
            "annotations": [
              {
                "name": "SummarizationSetBy",
                "value": "Automatic"
              }
            ]
          },
          {
            "name": "total_time_offline",
            "dataType": "int64",
            "sourceColumn": "total_time_offline",
            "formatString": "0",
            "sourceProviderType": "int",
            "sourceLineageTag": "total_time_offline",
            "summarizeBy": "sum",
            "annotations": [
              {
                "name": "SummarizationSetBy",
                "value": "Automatic"
              }
            ]
          },
          {
            "name": "total_time_on_break",
            "dataType": "int64",
            "sourceColumn": "total_time_on_break",
            "formatString": "0",
            "sourceProviderType": "int",
            "sourceLineageTag": "total_time_on_break",
            "summarizeBy": "sum",
            "annotations": [
              {
                "name": "SummarizationSetBy",
                "value": "Automatic"
              }
            ]
          },
          {
            "name": "total_time_on_break_and_offline",
            "dataType": "int64",
            "sourceColumn": "total_time_on_break_and_offline",
            "formatString": "0",
            "sourceProviderType": "int",
            "sourceLineageTag": "total_time_on_break_and_offline",
            "summarizeBy": "sum",
            "annotations": [
              {
                "name": "SummarizationSetBy",
                "value": "Automatic"
              }
            ]
          }
        ],
        "partitions": [
          {
            "name": "{{Partition_Name}}",
            "mode": "directLake",
            "source": {
              "type": "entity",
              "entityName": "driver_shift_summary",
              "expressionSource": "DatabaseQuery",
              "schemaName": "dbo"
            }
          }
        ],
        "annotations": [
          {
            "name": "IsTableInBiModel",
            "value": "False"
          }
        ]
      },
      {
        "name": "rideco_table_view",
        "sourceLineageTag": "[dbo].[rideco_table_view]",
        "columns": [
          {
            "name": "driver_id",
            "dataType": "string",
            "sourceColumn": "driver_id",
            "sourceProviderType": "varchar",
            "sourceLineageTag": "driver_id",
            "summarizeBy": "none",
            "annotations": [
              {
                "name": "SummarizationSetBy",
                "value": "Automatic"
              }
            ]
          },
          {
            "name": "shift_id",
            "dataType": "string",
            "sourceColumn": "shift_id",
            "sourceProviderType": "varchar",
            "sourceLineageTag": "shift_id",
            "summarizeBy": "none",
            "annotations": [
              {
                "name": "SummarizationSetBy",
                "value": "Automatic"
              }
            ]
          },
          {
            "name": "time",
            "dataType": "dateTime",
            "sourceColumn": "time",
            "formatString": "General Date",
            "sourceProviderType": "datetime2",
            "sourceLineageTag": "time",
            "summarizeBy": "none",
            "annotations": [
              {
                "name": "SummarizationSetBy",
                "value": "Automatic"
              }
            ]
          },
          {
            "name": "action",
            "dataType": "string",
            "sourceColumn": "action",
            "sourceProviderType": "varchar",
            "sourceLineageTag": "action",
            "summarizeBy": "none",
            "annotations": [
              {
                "name": "SummarizationSetBy",
                "value": "Automatic"
              }
            ]
          }
        ],
        "partitions": [
          {
            "name": "{{Partition_Name}}",
            "mode": "directLake",
            "source": {
              "type": "entity",
              "entityName": "rideco_table_view",
              "expressionSource": "DatabaseQuery",
              "schemaName": "dbo"
            }
          }
        ],
        "annotations": [
          {
            "name": "IsTableInBiModel",
            "value": "False"
          }
        ]
      },
      {
        "name": "vw_driver_shift_summary",
        "sourceLineageTag": "[dbo].[vw_driver_shift_summary]",
        "columns": [
          {
            "name": "driver_id",
            "dataType": "string",
            "sourceColumn": "driver_id",
            "sourceProviderType": "varchar",
            "sourceLineageTag": "driver_id",
            "summarizeBy": "none",
            "annotations": [
              {
                "name": "SummarizationSetBy",
                "value": "Automatic"
              }
            ]
          },
          {
            "name": "shift_id",
            "dataType": "string",
            "sourceColumn": "shift_id",
            "sourceProviderType": "varchar",
            "sourceLineageTag": "shift_id",
            "summarizeBy": "none",
            "annotations": [
              {
                "name": "SummarizationSetBy",
                "value": "Automatic"
              }
            ]
          },
          {
            "name": "num_breaks",
            "dataType": "int64",
            "sourceColumn": "num_breaks",
            "formatString": "0",
            "sourceProviderType": "int",
            "sourceLineageTag": "num_breaks",
            "summarizeBy": "sum",
            "annotations": [
              {
                "name": "SummarizationSetBy",
                "value": "Automatic"
              }
            ]
          },
          {
            "name": "total_time_online",
            "dataType": "int64",
            "sourceColumn": "total_time_online",
            "formatString": "0",
            "sourceProviderType": "int",
            "sourceLineageTag": "total_time_online",
            "summarizeBy": "sum",
            "annotations": [
              {
                "name": "SummarizationSetBy",
                "value": "Automatic"
              }
            ]
          },
          {
            "name": "total_time_offline",
            "dataType": "int64",
            "sourceColumn": "total_time_offline",
            "formatString": "0",
            "sourceProviderType": "int",
            "sourceLineageTag": "total_time_offline",
            "summarizeBy": "sum",
            "annotations": [
              {
                "name": "SummarizationSetBy",
                "value": "Automatic"
              }
            ]
          },
          {
            "name": "total_time_on_break",
            "dataType": "int64",
            "sourceColumn": "total_time_on_break",
            "formatString": "0",
            "sourceProviderType": "int",
            "sourceLineageTag": "total_time_on_break",
            "summarizeBy": "sum",
            "annotations": [
              {
                "name": "SummarizationSetBy",
                "value": "Automatic"
              }
            ]
          },
          {
            "name": "total_time_on_break_and_offline",
            "dataType": "int64",
            "sourceColumn": "total_time_on_break_and_offline",
            "formatString": "0",
            "sourceProviderType": "int",
            "sourceLineageTag": "total_time_on_break_and_offline",
            "summarizeBy": "sum",
            "annotations": [
              {
                "name": "SummarizationSetBy",
                "value": "Automatic"
              }
            ]
          }
        ],
        "partitions": [
          {
            "name": "{{Partition_Name}}",
            "mode": "directLake",
            "source": {
              "type": "entity",
              "entityName": "vw_driver_shift_summary",
              "expressionSource": "DatabaseQuery",
              "schemaName": "dbo"
            }
          }
        ],
        "annotations": [
          {
            "name": "IsTableInBiModel",
            "value": "False"
          }
        ]
      }
    ],
    "expressions": [
      {
        "name": "DatabaseQuery",
        "kind": "m",
        "expression": "let\n    database = {{TDS_Endpoint}}\nin\n    database\n"
      }
    ],
    "annotations": [
      {
        "name": "__PBI_TimeIntelligenceEnabled",
        "value": "0"
      },
      {
        "name": "SourceLineageTagType",
        "value": "DatabaseFullyQualifiedName"
      }
    ]
  }
}