shift_id,agenda_day,driver_user_id,vehicle_id,expected_shift_start,expected_shift_end,actual_shift_start,actual_shift_end,booking_completed_at,pickup_violation_threshold,dropoff_violation_threshold
a17b9f41-53db-4129-ad05-19826aed220b,2025-04-02,1951774,924b60e1-b175-44ec-a2e1-71b2f23bada8,2025-04-02 08:00,2025-04-03 08:00,2025-04-02 08:15,2025-04-03 08:00,2025-04-03 08:00,120,120
ad9273f6-0407-43fe-a849-f3742fe571c7,2025-04-03,1937183,76fba10b-ce1b-441d-befd-c8bd195fe3be,2025-04-03 08:00,2025-04-04 08:00,2025-04-03 08:16,2025-04-04 08:00,2025-04-04 08:00,120,120
d91c9877-90c5-4651-8163-282939440a66,2025-04-04,1938115,924b60e1-b175-44ec-a2e1-71b2f23bada8,2025-04-04 08:00,2025-04-05 08:00,2025-04-04 08:17,2025-04-05 08:00,2025-04-05 08:00,120,120
13c3ab55-d57c-44a0-b075-a262de66517d,2025-04-05,1936255,924b60e1-b175-44ec-a2e1-71b2f23bada8,2025-04-05 08:00,2025-04-06 08:00,2025-04-05 08:18,2025-04-06 08:00,2025-04-06 08:00,120,120
c38ebf12-3ce0-4485-995d-ab4ebc725485,2025-04-05,1936254,76fba10b-ce1b-441d-befd-c8bd195fe3be,2025-04-05 08:18,2025-04-05 10:18,2025-04-05 08:18,2025-04-05 10:18,2025-04-05 10:18,120,120
5f506105-aab3-4484-8976-874d6138a654,2025-04-06,1937182,76fba10b-ce1b-441d-befd-c8bd195fe3be,2025-04-06 08:16,2025-04-06 10:16,2025-04-06 08:16,2025-04-06 10:16,2025-04-06 10:16,120,120
bda2058f-d96b-4fb3-b439-377ddb45cf6f,2025-04-06,1937185,924b60e1-b175-44ec-a2e1-71b2f23bada8,2025-04-06 08:00,2025-04-07 08:00,2025-04-06 08:16,2025-04-07 08:00,2025-04-07 08:00,120,120
76bb755d-4a26-480b-8794-3a3b4946cdf0,2025-04-06,1937183,76fba10b-ce1b-441d-befd-c8bd195fe3be,2025-04-06 08:00,2025-04-07 08:00,2025-04-06 08:16,2025-04-07 08:00,2025-04-07 08:00,120,120
191a8a41-2e1f-4343-b8d0-ea5821945226,2025-04-07,1938112,76fba10b-ce1b-441d-befd-c8bd195fe3be,2025-04-07 08:00,2025-04-08 08:00,2025-04-07 08:17,2025-04-08 08:00,2025-04-08 08:00,120,120
142c26af-8b4f-4dc0-962c-882c6b4dec90,2025-04-07,1938115,924b60e1-b175-44ec-a2e1-71b2f23bada8,2025-04-07 08:00,2025-04-08 08:00,2025-04-07 08:17,2025-04-08 08:00,2025-04-08 08:00,120,120
ccb9f2a8-a1b9-4047-bd2b-70a57ec86467,2025-04-07,1938114,924b60e1-b175-44ec-a2e1-71b2f23bada8,2025-04-07 08:00,2025-04-08 08:00,2025-04-07 08:17,2025-04-08 08:00,2025-04-08 08:00,120,120
5ce701e5-455f-4cbe-a00a-aa9a14c78548,2025-04-08,1936255,924b60e1-b175-44ec-a2e1-71b2f23bada8,2025-04-08 08:00,2025-04-09 08:00,2025-04-08 08:18,2025-04-09 08:00,2025-04-09 08:00,120,120
c14700cd-4f4c-4e14-8a3d-e2ca7c00a40d,2025-04-08,1936253,76fba10b-ce1b-441d-befd-c8bd195fe3be,2025-04-08 08:00,2025-04-09 08:00,2025-04-08 08:18,2025-04-09 08:00,2025-04-09 08:00,120,120
f4a86f3f-44ae-467d-914c-90b5670c9622,2025-04-09,1951774,924b60e1-b175-44ec-a2e1-71b2f23bada8,2025-04-09 08:00,2025-04-10 08:00,2025-04-09 08:15,2025-04-10 08:00,2025-04-10 08:00,120,120
6fe44ab7-66e1-42a1-a048-3960310f9e92,2025-04-11,1938112,76fba10b-ce1b-441d-befd-c8bd195fe3be,2025-04-11 08:00,2025-04-12 08:00,2025-04-11 08:17,2025-04-12 08:00,2025-04-12 08:00,120,120
d923d926-0251-4cd4-b6d9-3aacd633ef43,2025-04-11,1938114,924b60e1-b175-44ec-a2e1-71b2f23bada8,2025-04-11 08:00,2025-04-12 08:00,2025-04-11 08:17,2025-04-12 08:00,2025-04-12 08:00,120,120
3928ae5c-a71a-4870-8346-481646ce7803,2025-04-12,1936256,924b60e1-b175-44ec-a2e1-71b2f23bada8,2025-04-12 08:00,2025-04-13 08:00,2025-04-12 08:18,2025-04-13 08:00,2025-04-13 08:00,120,120
ad2749c7-bb93-46b3-8096-f6e6b2a05f31,2025-04-12,1936254,76fba10b-ce1b-441d-befd-c8bd195fe3be,2025-04-12 08:18,2025-04-12 10:18,2025-04-12 08:18,2025-04-12 10:18,2025-04-12 10:18,120,120
0d06174a-8e3c-4314-b6fe-89c7926cb5e8,2025-04-13,1937184,924b60e1-b175-44ec-a2e1-71b2f23bada8,2025-04-13 08:00,2025-04-14 08:00,2025-04-13 08:16,2025-04-14 08:00,2025-04-14 08:00,120,120
9ff0e0f1-dfa9-4d83-b766-7c093a8994af,2025-04-13,1937182,76fba10b-ce1b-441d-befd-c8bd195fe3be,2025-04-13 08:00,2025-04-14 08:00,2025-04-13 08:16,2025-04-14 08:00,2025-04-14 08:00,120,120
c2eefac0-5da5-4782-b8b0-c6dc982593b1,2025-04-14,1938114,924b60e1-b175-44ec-a2e1-71b2f23bada8,2025-04-14 08:00,2025-04-15 08:00,2025-04-14 08:17,2025-04-15 08:00,2025-04-15 08:00,120,120
c6b00047-c338-4e6c-a8a7-90622683590f,2025-04-14,1938115,924b60e1-b175-44ec-a2e1-71b2f23bada8,2025-04-14 08:00,2025-04-15 08:00,2025-04-14 08:17,2025-04-15 08:00,2025-04-15 08:00,120,120
2bd38a97-7af2-4dcc-b839-a516eab2f6e2,2025-04-14,1938112,76fba10b-ce1b-441d-befd-c8bd195fe3be,2025-04-14 08:17,2025-04-14 10:17,2025-04-14 08:17,2025-04-14 10:17,2025-04-14 10:17,120,120
34c94ce3-eff7-41bf-bdc4-2c00d93a1eaf,2025-04-15,1936254,76fba10b-ce1b-441d-befd-c8bd195fe3be,2025-04-15 08:00,2025-04-16 08:00,2025-04-15 08:18,,2025-04-16 08:00,120,120
2e6eb8fb-d873-4191-ab1c-ad6bf8c1a7f3,2025-04-15,1936255,924b60e1-b175-44ec-a2e1-71b2f23bada8,2025-04-15 08:00,2025-04-16 08:00,2025-04-15 08:18,2025-04-16 08:00,2025-04-16 08:00,120,120
89e4ca9b-9bce-4f29-af3a-54e27b6cbb8d,2025-04-16,1951772,76fba10b-ce1b-441d-befd-c8bd195fe3be,2025-04-16 08:00,2025-04-17 08:00,2025-04-16 08:15,2025-04-17 08:00,2025-04-17 08:00,120,120
ab1a0e19-22de-4e4f-ae0a-62b3fbfb9d18,2025-04-16,1951775,924b60e1-b175-44ec-a2e1-71b2f23bada8,2025-04-16 08:00,2025-04-17 08:00,2025-04-16 08:15,2025-04-17 08:00,2025-04-17 08:00,120,120
84975ef3-ce08-4f21-81ae-3e50302a7e26,2025-04-16,1951774,924b60e1-b175-44ec-a2e1-71b2f23bada8,2025-04-16 08:00,2025-04-17 08:00,2025-04-16 08:15,2025-04-17 08:00,2025-04-17 08:00,120,120
4595d424-5073-41a8-8084-1b9976d02ae1,2025-04-18,1938114,924b60e1-b175-44ec-a2e1-71b2f23bada8,2025-04-18 08:00,2025-04-19 08:00,2025-04-18 08:17,2025-04-19 08:00,2025-04-19 08:00,120,120
111b9fde-88b9-45dd-987c-9ac079daae29,2025-04-18,1938115,924b60e1-b175-44ec-a2e1-71b2f23bada8,2025-04-18 08:00,2025-04-19 08:00,2025-04-18 08:17,2025-04-19 08:00,2025-04-19 08:00,120,120
939f9290-35aa-4be5-8ff8-846a061c5acf,2025-04-19,1936254,76fba10b-ce1b-441d-befd-c8bd195fe3be,2025-04-19 08:00,2025-04-20 08:00,2025-04-19 08:18,2025-04-20 08:00,2025-04-20 08:00,120,120
1e8ddd3d-37f6-4250-9849-91f175004779,2025-04-19,1936256,924b60e1-b175-44ec-a2e1-71b2f23bada8,2025-04-19 08:00,2025-04-20 08:00,2025-04-19 08:18,2025-04-20 08:00,2025-04-20 08:00,120,120
211ad70a-9074-4d8e-a59f-8f89f0da11b6,2025-04-19,1936253,76fba10b-ce1b-441d-befd-c8bd195fe3be,2025-04-19 08:00,2025-04-20 08:00,2025-04-19 08:18,2025-04-20 08:00,2025-04-20 08:00,120,120
6af9fe96-1e2f-4fc6-b9f7-a2f72d0c4b2f,2025-04-20,1937185,924b60e1-b175-44ec-a2e1-71b2f23bada8,2025-04-20 08:00,2025-04-21 08:00,2025-04-20 08:16,2025-04-21 08:00,2025-04-21 08:00,120,120
dfe1cd57-5968-46dc-9b10-959360a181bd,2025-04-21,1938114,924b60e1-b175-44ec-a2e1-71b2f23bada8,2025-04-21 08:00,2025-04-22 08:00,2025-04-21 08:17,2025-04-22 08:00,2025-04-22 08:00,120,120
1ce73460-4508-4a93-b13c-8faa0cb7fe21,2025-04-21,1938112,76fba10b-ce1b-441d-befd-c8bd195fe3be,2025-04-21 08:17,2025-04-21 10:17,2025-04-21 08:17,2025-04-21 10:17,2025-04-21 10:17,120,120
b382f1d9-07a6-4e66-bffd-7b4ef83ee0c3,2025-04-22,1936256,924b60e1-b175-44ec-a2e1-71b2f23bada8,2025-04-22 08:00,2025-04-23 08:00,2025-04-22 08:19,2025-04-23 08:00,2025-04-23 08:00,120,120
7f69db65-5691-49b9-b161-f2df12ace7c5,2025-04-22,1936253,76fba10b-ce1b-441d-befd-c8bd195fe3be,2025-04-22 08:00,2025-04-23 08:00,2025-04-22 08:18,2025-04-23 08:00,2025-04-23 08:00,120,120
b52606fa-c5eb-472b-a1b1-845935b4f382,2025-04-23,1951774,924b60e1-b175-44ec-a2e1-71b2f23bada8,2025-04-23 08:00,2025-04-24 08:00,2025-04-23 08:15,2025-04-24 08:00,2025-04-24 08:00,120,120
82c1bf1f-cb42-4f5a-be75-09c40cbd9a97,2025-04-23,1951775,924b60e1-b175-44ec-a2e1-71b2f23bada8,2025-04-23 08:00,2025-04-24 08:00,2025-04-23 08:16,2025-04-24 08:00,2025-04-24 08:00,120,120
45391fa6-f990-4738-8150-38cdfc708d94,2025-04-24,1937184,924b60e1-b175-44ec-a2e1-71b2f23bada8,2025-04-24 08:00,2025-04-25 08:00,2025-04-24 08:16,2025-04-25 08:00,2025-04-25 08:00,120,120
c678536f-8f0b-45a4-a815-de983c495912,2025-04-24,1937182,76fba10b-ce1b-441d-befd-c8bd195fe3be,2025-04-24 08:00,2025-04-25 08:00,2025-04-24 08:16,2025-04-25 08:00,2025-04-25 08:00,120,120
fa8b7a94-62c9-42a7-a0c4-bf305956a09e,2025-04-24,1937183,76fba10b-ce1b-441d-befd-c8bd195fe3be,2025-04-24 08:00,2025-04-25 08:00,2025-04-24 08:16,2025-04-25 08:00,2025-04-25 08:00,120,120
72fc7eca-b13f-4726-87b1-71ac0313d02c,2025-04-25,1938113,76fba10b-ce1b-441d-befd-c8bd195fe3be,2025-04-25 08:00,2025-04-26 08:00,2025-04-25 08:17,2025-04-26 08:00,2025-04-26 08:00,120,120
b5216e97-91c7-47bf-bf27-9bbcf916cdae,2025-04-25,1938114,924b60e1-b175-44ec-a2e1-71b2f23bada8,2025-04-25 08:00,2025-04-26 08:00,2025-04-25 08:17,2025-04-26 08:00,2025-04-26 08:00,120,120
fa5d4999-34cd-4056-9d37-cdcd2fee6183,2025-04-25,1938112,76fba10b-ce1b-441d-befd-c8bd195fe3be,2025-04-25 08:00,2025-04-26 08:00,2025-04-25 08:17,2025-04-26 08:00,2025-04-26 08:00,120,120
f445bc23-5c85-49b9-bb40-b46e6955d734,2025-04-26,1936255,924b60e1-b175-44ec-a2e1-71b2f23bada8,2025-04-26 08:00,2025-04-27 08:00,2025-04-26 08:18,2025-04-27 08:00,2025-04-27 08:00,120,120
3ba3072e-bf5f-4d2d-b24f-254f5d3acac1,2025-04-27,1937185,924b60e1-b175-44ec-a2e1-71b2f23bada8,2025-04-27 08:00,2025-04-28 08:00,2025-04-27 08:17,2025-04-28 08:00,2025-04-28 08:00,120,120
f18c1131-3a0c-40d8-a599-2d3aba8a7bd2,2025-04-27,1937182,76fba10b-ce1b-441d-befd-c8bd195fe3be,2025-04-27 08:00,2025-04-28 08:00,2025-04-27 08:16,2025-04-28 08:00,2025-04-28 08:00,120,120
f6028dcd-2fef-47c7-b47d-63a1680e41af,2025-04-28,1938112,76fba10b-ce1b-441d-befd-c8bd195fe3be,2025-04-28 08:00,2025-04-29 08:00,2025-04-28 08:17,2025-04-29 08:00,2025-04-29 08:00,120,120
453cc7f8-91d7-4ec3-8537-2252fbbe6d00,2025-04-28,1938113,76fba10b-ce1b-441d-befd-c8bd195fe3be,2025-04-28 08:17,2025-04-28 10:17,2025-04-28 08:17,2025-04-28 10:17,2025-04-28 10:17,120,120
991b2d78-610e-4ff9-9050-1d33ca82b255,2025-04-30,1951772,76fba10b-ce1b-441d-befd-c8bd195fe3be,2025-04-30 08:00,2025-05-01 08:00,2025-04-30 08:15,2025-05-01 08:00,2025-05-01 08:00,120,120
79bae4d2-c231-4b8a-95bd-c5c4a58e6ce9,2025-05-01,1937185,924b60e1-b175-44ec-a2e1-71b2f23bada8,2025-05-01 08:00,2025-05-02 08:00,2025-05-01 08:17,2025-05-02 08:00,2025-05-02 08:00,120,120
6b6d7ca2-b0e6-4d4d-bfed-5068895d4c82,2025-05-02,1938115,924b60e1-b175-44ec-a2e1-71b2f23bada8,2025-05-02 08:00,2025-05-03 08:00,2025-05-02 08:17,2025-05-03 08:00,2025-05-03 08:00,120,120
a3409ff8-6aa4-4ecd-8c95-b3d161c3767f,2025-05-02,1938112,76fba10b-ce1b-441d-befd-c8bd195fe3be,2025-05-02 08:00,2025-05-03 08:00,2025-05-02 08:17,2025-05-03 08:00,2025-05-03 08:00,120,120
23f1f014-1887-48c2-be4e-5e9ac5afb45e,2025-05-02,1938114,924b60e1-b175-44ec-a2e1-71b2f23bada8,2025-05-02 08:00,2025-05-03 08:00,2025-05-02 08:17,2025-05-03 08:00,2025-05-03 08:00,120,120
06dac3d1-e305-4ffd-8445-63990f5bbe02,2025-05-03,1936255,924b60e1-b175-44ec-a2e1-71b2f23bada8,2025-05-03 08:00,2025-05-04 08:00,2025-05-03 08:18,2025-05-04 08:00,2025-05-04 08:00,120,120
d8ccaa65-83ca-4f8d-b750-6cc32b8e89d8,2025-05-03,1936253,76fba10b-ce1b-441d-befd-c8bd195fe3be,2025-05-03 08:18,2025-05-03 10:18,2025-05-03 08:18,2025-05-03 10:18,2025-05-03 10:18,120,120
ae59f297-15d5-4f4c-8aa6-f471a31b203f,2025-05-03,1936256,924b60e1-b175-44ec-a2e1-71b2f23bada8,2025-05-03 08:00,2025-05-04 08:00,2025-05-03 08:18,2025-05-04 08:00,2025-05-04 08:00,120,120
bb5e2779-fdf8-4175-8e85-d9c91d32f142,2025-05-03,1936254,76fba10b-ce1b-441d-befd-c8bd195fe3be,2025-05-03 08:18,2025-05-03 10:18,2025-05-03 08:18,2025-05-03 10:18,2025-05-03 10:18,120,120
733a1675-79e2-44d9-a778-56e15219f386,2025-05-04,1937185,924b60e1-b175-44ec-a2e1-71b2f23bada8,2025-05-04 08:00,2025-05-05 08:00,2025-05-04 08:16,2025-05-05 08:00,2025-05-05 08:00,120,120
7fc5d085-5998-4c56-ab6a-b9bf1267aa87,2025-05-05,1938112,76fba10b-ce1b-441d-befd-c8bd195fe3be,2025-05-05 08:17,2025-05-05 10:17,2025-05-05 08:17,2025-05-05 10:17,2025-05-05 10:17,120,120
ec5b772d-54cc-4a36-962c-b78ee63d291a,2025-05-06,1936256,924b60e1-b175-44ec-a2e1-71b2f23bada8,2025-05-06 08:00,2025-05-07 08:00,2025-05-06 08:18,2025-05-07 08:00,2025-05-07 08:00,120,120
cb2b4ce2-6f10-4a95-878b-ed1f9c228ad8,2025-05-06,1936254,76fba10b-ce1b-441d-befd-c8bd195fe3be,2025-05-06 08:00,2025-05-07 08:00,2025-05-06 08:18,2025-05-07 08:00,2025-05-07 08:00,120,120
881e1053-433a-4584-96c7-9049a5c4a293,2025-05-07,1951772,76fba10b-ce1b-441d-befd-c8bd195fe3be,2025-05-07 08:00,2025-05-08 08:00,2025-05-07 08:15,2025-05-08 08:00,2025-05-08 08:00,120,120
d19f823f-7ba1-48b3-9d36-cfae5bbc7694,2025-05-07,1951774,924b60e1-b175-44ec-a2e1-71b2f23bada8,2025-05-07 08:00,2025-05-08 08:00,2025-05-07 08:15,2025-05-08 08:00,2025-05-08 08:00,120,120
565dab08-7651-4e1f-b322-130372228bee,2025-05-08,1937183,76fba10b-ce1b-441d-befd-c8bd195fe3be,2025-05-08 08:00,2025-05-09 08:00,2025-05-08 08:16,2025-05-09 08:00,2025-05-09 08:00,120,120
8738caf6-314f-41d9-a31f-7088038ed478,2025-05-09,1938115,924b60e1-b175-44ec-a2e1-71b2f23bada8,2025-05-09 08:00,2025-05-10 08:00,2025-05-09 08:18,2025-05-10 08:00,2025-05-10 08:00,120,120
08da142a-ffe9-49c8-96f4-052aa0a375c0,2025-05-10,1936255,924b60e1-b175-44ec-a2e1-71b2f23bada8,2025-05-10 08:00,2025-05-11 08:00,2025-05-10 08:18,2025-05-11 08:00,2025-05-11 08:00,120,120
e145ca13-c065-402d-9933-2ffcad5a09f8,2025-05-10,1936254,76fba10b-ce1b-441d-befd-c8bd195fe3be,2025-05-10 08:00,2025-05-11 08:00,2025-05-10 08:18,2025-05-11 08:00,2025-05-11 08:00,120,120
f1ac619f-8345-4813-86cd-cd4db57c66e9,2025-05-11,1937184,924b60e1-b175-44ec-a2e1-71b2f23bada8,2025-05-11 08:00,2025-05-12 08:00,2025-05-11 08:16,2025-05-12 08:00,2025-05-12 08:00,120,120
e33d1673-4e35-4ddd-ae95-5cb44156ff3b,2025-05-11,1937183,76fba10b-ce1b-441d-befd-c8bd195fe3be,2025-05-11 08:00,2025-05-12 08:00,2025-05-11 08:16,2025-05-12 08:00,2025-05-12 08:00,120,120
e5b45346-9bde-4ea1-b471-6511d2a7f460,2025-05-11,1937185,924b60e1-b175-44ec-a2e1-71b2f23bada8,2025-05-11 08:00,2025-05-12 08:00,2025-05-11 08:16,2025-05-12 08:00,2025-05-12 08:00,120,120
718e4728-ce8d-4c43-9e9d-a696f75ae41d,2025-05-11,1937182,76fba10b-ce1b-441d-befd-c8bd195fe3be,2025-05-11 08:00,2025-05-12 08:00,2025-05-11 08:16,2025-05-12 08:00,2025-05-12 08:00,120,120
a942db2e-1a2f-4726-aaa0-65b1f4a3a351,2025-05-12,1938112,76fba10b-ce1b-441d-befd-c8bd195fe3be,2025-05-12 08:17,2025-05-12 10:17,2025-05-12 08:17,2025-05-12 10:17,2025-05-12 10:17,120,120
596212f7-5c9d-4b91-a4be-e7c95a532176,2025-05-12,1938115,924b60e1-b175-44ec-a2e1-71b2f23bada8,2025-05-12 08:00,2025-05-13 08:00,2025-05-12 08:17,2025-05-13 08:00,2025-05-13 08:00,120,120
e517d8d3-5db3-4ba0-838a-28b082e27ff3,2025-05-13,1936253,76fba10b-ce1b-441d-befd-c8bd195fe3be,2025-05-13 08:00,2025-05-14 08:00,2025-05-13 08:18,2025-05-14 08:00,2025-05-14 08:00,120,120
b32cdd0a-f754-4fc8-8d40-cd555148ca17,2025-05-13,1936256,924b60e1-b175-44ec-a2e1-71b2f23bada8,2025-05-13 08:00,2025-05-14 08:00,2025-05-13 08:18,2025-05-14 08:00,2025-05-14 08:00,120,120
4e8707f3-62ce-4855-8fad-833b0a78bdc6,2025-05-14,1951775,924b60e1-b175-44ec-a2e1-71b2f23bada8,2025-05-14 08:00,2025-05-15 08:00,2025-05-14 08:15,2025-05-15 08:00,2025-05-15 08:00,120,120
01689528-e743-42cb-9ec0-ee492eb960b9,2025-05-14,1951774,924b60e1-b175-44ec-a2e1-71b2f23bada8,2025-05-14 08:00,2025-05-15 08:00,2025-05-14 08:15,2025-05-15 08:00,2025-05-15 08:00,120,120
7f6662e6-937b-4911-8c7f-70d265924d2c,2025-05-15,1937183,76fba10b-ce1b-441d-befd-c8bd195fe3be,2025-05-15 08:00,2025-05-16 08:00,2025-05-15 08:16,2025-05-16 08:00,2025-05-16 08:00,120,120
79af798f-e0a6-4e59-898e-6017a9458029,2025-05-16,1938115,924b60e1-b175-44ec-a2e1-71b2f23bada8,2025-05-16 08:00,2025-05-17 08:00,2025-05-16 08:17,2025-05-17 08:00,2025-05-17 08:00,120,120
8efeac98-2bd4-4631-a3dd-ecad4e38d9ff,2025-05-16,1938112,76fba10b-ce1b-441d-befd-c8bd195fe3be,2025-05-16 08:00,2025-05-17 08:00,2025-05-16 08:17,2025-05-17 08:00,2025-05-17 08:00,120,120
07d78d50-f8cc-43a9-ba22-9b8113e4eca0,2025-05-16,1938114,924b60e1-b175-44ec-a2e1-71b2f23bada8,2025-05-16 08:00,2025-05-17 08:00,2025-05-16 08:17,2025-05-17 08:00,2025-05-17 08:00,120,120
2750f765-c56b-439e-8cac-6f94cf889b95,2025-05-17,1936255,924b60e1-b175-44ec-a2e1-71b2f23bada8,2025-05-17 08:00,2025-05-18 08:00,2025-05-17 08:18,2025-05-18 08:00,2025-05-18 08:00,120,120
75dae54c-5ff9-4f46-a8f7-a71806f4f488,2025-05-17,1936254,76fba10b-ce1b-441d-befd-c8bd195fe3be,2025-05-17 08:00,2025-05-18 08:00,2025-05-17 08:18,2025-05-18 08:00,2025-05-18 08:00,120,120
ed0c036a-f781-4c5a-b48b-f8344c4488cc,2025-05-18,1937185,924b60e1-b175-44ec-a2e1-71b2f23bada8,2025-05-18 08:00,2025-05-19 08:00,2025-05-18 08:16,2025-05-19 08:00,2025-05-19 08:00,120,120
e54355b4-f865-4d6b-a533-c67d48d7e763,2025-05-19,1938114,924b60e1-b175-44ec-a2e1-71b2f23bada8,2025-05-19 08:00,2025-05-20 08:00,2025-05-19 08:17,2025-05-20 08:00,2025-05-20 08:00,120,120
48684df8-4f97-416c-8ee8-d56e9b3b4e24,2025-05-21,1951775,924b60e1-b175-44ec-a2e1-71b2f23bada8,2025-05-21 08:00,2025-05-22 08:00,2025-05-21 08:16,2025-05-22 08:00,2025-05-22 08:00,120,120
12190042-9575-4271-9ccb-5328edca7453,2025-05-20,1936255,924b60e1-b175-44ec-a2e1-71b2f23bada8,2025-05-20 08:00,2025-05-21 08:00,2025-05-20 08:18,2025-05-21 08:00,2025-05-21 08:00,120,120
31c01189-216e-4eaa-a4a5-657d3119dff5,2025-05-22,1937185,924b60e1-b175-44ec-a2e1-71b2f23bada8,2025-05-22 08:00,2025-05-23 08:00,2025-05-22 08:16,2025-05-23 08:00,2025-05-23 08:00,120,120
1a185c9a-f5b8-472c-851c-0435a590ee9e,2025-05-22,1937182,76fba10b-ce1b-441d-befd-c8bd195fe3be,2025-05-22 08:00,2025-05-23 08:00,2025-05-22 08:16,2025-05-23 08:00,2025-05-23 08:00,120,120
a8786160-66db-4c13-9f2e-3a9e673950de,2025-05-22,1937184,924b60e1-b175-44ec-a2e1-71b2f23bada8,2025-05-22 08:00,2025-05-23 08:00,2025-05-22 08:16,2025-05-23 08:00,2025-05-23 08:00,120,120
5fc66688-6050-48d2-bb66-05c85778bfec,2025-05-23,1938114,924b60e1-b175-44ec-a2e1-71b2f23bada8,2025-05-23 08:00,2025-05-24 08:00,2025-05-23 08:17,2025-05-24 08:00,2025-05-24 08:00,120,120
8ef02fc4-b7b7-4e3c-837c-175e53d96531,2025-05-23,1938112,76fba10b-ce1b-441d-befd-c8bd195fe3be,2025-05-23 08:00,2025-05-24 08:00,2025-05-23 08:17,2025-05-24 08:00,2025-05-24 08:00,120,120
d6b99421-94b4-4b05-a7db-6cec950c5254,2025-05-24,1936253,76fba10b-ce1b-441d-befd-c8bd195fe3be,2025-05-24 08:00,2025-05-25 08:00,2025-05-24 08:18,2025-05-25 08:00,2025-05-25 08:00,120,120
f7b39ffe-0929-42f0-a146-7f948f9e63dd,2025-05-24,1936255,924b60e1-b175-44ec-a2e1-71b2f23bada8,2025-05-24 08:00,2025-05-25 08:00,2025-05-24 08:18,2025-05-25 08:00,2025-05-25 08:00,120,120
b418df44-c05f-408c-a7ef-990bd944fd98,2025-05-26,1938113,76fba10b-ce1b-441d-befd-c8bd195fe3be,2025-05-26 08:00,2025-05-27 08:00,2025-05-26 08:17,,2025-05-27 08:00,120,120
2af61412-c5f1-44d0-b523-b520d1365f6b,2025-05-27,1936253,76fba10b-ce1b-441d-befd-c8bd195fe3be,2025-05-27 08:00,2025-05-28 08:00,2025-05-27 08:18,2025-05-28 08:00,2025-05-28 08:00,120,120
09bb0914-e5ab-44ab-b7ad-216a62b0df45,2025-05-27,1936256,924b60e1-b175-44ec-a2e1-71b2f23bada8,2025-05-27 08:00,2025-05-28 08:00,2025-05-27 08:19,2025-05-28 08:05,2025-05-28 08:05,120,120
ed5268e4-e54c-4941-bbac-b9d64e44616d,2025-05-27,1936254,76fba10b-ce1b-441d-befd-c8bd195fe3be,2025-05-27 08:00,2025-05-28 08:00,2025-05-27 08:18,2025-05-28 08:00,2025-05-28 08:00,120,120
21f4424a-5c06-4135-8538-e9098aa1fd47,2025-05-28,1951774,924b60e1-b175-44ec-a2e1-71b2f23bada8,2025-05-28 08:00,2025-05-29 08:00,2025-05-28 08:15,2025-05-29 08:00,2025-05-29 08:00,120,120
8c3e7e31-b478-44fc-b7ba-4252333ec45c,2025-05-28,1951775,924b60e1-b175-44ec-a2e1-71b2f23bada8,2025-05-28 08:00,2025-05-29 08:00,2025-05-28 08:15,2025-05-29 08:00,2025-05-29 08:00,120,120
0d24c39a-1147-4b4b-bb3e-1c3d377961a8,2025-05-29,1937183,76fba10b-ce1b-441d-befd-c8bd195fe3be,2025-05-29 08:00,2025-05-30 08:00,2025-05-29 08:16,2025-05-30 08:00,2025-05-30 08:00,120,120
841bf6d7-a6e9-4d86-9681-b9ea53e1ec48,2025-05-29,1937185,924b60e1-b175-44ec-a2e1-71b2f23bada8,2025-05-29 08:00,2025-05-30 08:00,2025-05-29 08:16,2025-05-30 08:00,2025-05-30 08:00,120,120
0a9cbd8b-b0c9-4e7b-8a8d-9a85570283cd,2025-05-29,1937182,76fba10b-ce1b-441d-befd-c8bd195fe3be,2025-05-29 08:00,2025-05-30 08:00,2025-05-29 08:16,2025-05-30 08:00,2025-05-30 08:00,120,120
8e04a0c3-ad3d-4ff1-a51d-591125e1a86d,2025-05-30,1938113,76fba10b-ce1b-441d-befd-c8bd195fe3be,2025-05-30 08:00,2025-05-31 08:00,2025-05-30 08:17,2025-05-31 08:00,2025-05-31 08:00,120,120
7571aca2-30cc-4d01-b767-b8c0f7258d0c,2025-05-30,1938115,924b60e1-b175-44ec-a2e1-71b2f23bada8,2025-05-30 08:00,2025-05-31 08:00,2025-05-30 08:17,2025-05-31 08:00,2025-05-31 08:00,120,120
25ebe67b-35cc-4128-a246-7f8a071c2a03,2025-05-31,1936254,76fba10b-ce1b-441d-befd-c8bd195fe3be,2025-05-31 08:18,2025-05-31 10:18,2025-05-31 08:18,2025-05-31 10:18,2025-05-31 10:18,120,120
43589745-0ebb-4e5f-8d96-6c18c4375f2c,2025-05-31,1936256,924b60e1-b175-44ec-a2e1-71b2f23bada8,2025-05-31 08:00,2025-06-01 08:00,2025-05-31 08:18,2025-06-01 08:00,2025-06-01 08:00,120,120
06d25e2c-211a-4927-8484-f345e0e97d62,2025-05-31,1936255,924b60e1-b175-44ec-a2e1-71b2f23bada8,2025-05-31 08:00,2025-06-01 08:00,2025-05-31 08:18,2025-06-01 08:00,2025-06-01 08:00,120,120
001f171d-a89a-49d3-a6ff-6c66f7bf2de4,2025-06-01,1937184,924b60e1-b175-44ec-a2e1-71b2f23bada8,2025-06-01 08:00,2025-06-02 08:00,2025-06-01 08:16,2025-06-02 08:00,2025-06-02 08:00,120,120
1d2072bc-8aca-440b-8be4-2267a759d41b,2025-06-01,1937183,76fba10b-ce1b-441d-befd-c8bd195fe3be,2025-06-01 08:00,2025-06-02 08:00,2025-06-01 08:16,2025-06-02 08:00,2025-06-02 08:00,120,120
76247521-d463-49bf-91c2-de8ef2daf61f,2025-06-02,1938112,76fba10b-ce1b-441d-befd-c8bd195fe3be,2025-06-02 08:00,2025-06-03 08:00,2025-06-02 08:17,2025-06-03 08:00,2025-06-03 08:00,120,120
98661fdb-c861-43ab-8667-cc55f1d1be20,2025-06-05,1937183,76fba10b-ce1b-441d-befd-c8bd195fe3be,2025-06-05 08:00,2025-06-06 08:00,2025-06-05 08:16,2025-06-06 08:00,2025-06-06 08:00,120,120
aeaf5de0-754f-47f8-8010-5ebaa34bddac,2025-06-04,1951772,76fba10b-ce1b-441d-befd-c8bd195fe3be,2025-06-04 08:00,2025-06-05 08:00,2025-06-04 08:15,2025-06-05 08:00,2025-06-05 08:00,120,120
eba2cf8d-7a1a-403e-bbef-c8c8ba6d32c3,2025-06-05,1937184,924b60e1-b175-44ec-a2e1-71b2f23bada8,2025-06-05 08:00,2025-06-06 08:00,2025-06-05 08:16,2025-06-06 08:00,2025-06-06 08:00,120,120
1990b979-a2ba-4538-b85f-6ad4dd33cb8d,2025-06-06,1938114,924b60e1-b175-44ec-a2e1-71b2f23bada8,2025-06-06 08:00,2025-06-07 08:00,2025-06-06 08:17,2025-06-07 08:00,2025-06-07 08:00,120,120
ffa1001b-bf23-415b-b9bf-a97e90f91e15,2025-06-06,1938115,924b60e1-b175-44ec-a2e1-71b2f23bada8,2025-06-06 08:00,2025-06-07 08:00,2025-06-06 08:17,2025-06-07 08:00,2025-06-07 08:00,120,120
587a9ed9-37bf-4e95-9eee-6ccce04652aa,2025-06-06,1938113,76fba10b-ce1b-441d-befd-c8bd195fe3be,2025-06-06 08:17,2025-06-06 10:17,2025-06-06 08:17,2025-06-06 10:17,2025-06-06 10:17,120,120
27b7d2d6-5a48-4e0d-9f57-d04fdb78eabd,2025-06-07,1936254,76fba10b-ce1b-441d-befd-c8bd195fe3be,2025-06-07 08:00,2025-06-08 08:00,2025-06-07 08:18,,2025-06-08 08:00,120,120
04cf6520-2b2f-48f5-8675-e65f9748ea02,2025-06-07,1936253,76fba10b-ce1b-441d-befd-c8bd195fe3be,2025-06-07 08:00,2025-06-08 08:00,2025-06-07 08:18,,2025-06-08 08:00,120,120
4b53b8d7-5221-4508-98ca-7e892323753f,2025-06-08,1937183,76fba10b-ce1b-441d-befd-c8bd195fe3be,2025-06-08 08:00,2025-06-09 08:00,2025-06-08 08:16,2025-06-09 08:00,2025-06-09 08:00,120,120
b73d8ca4-f175-4dfb-8612-3e39b2d89903,2025-06-09,1938115,924b60e1-b175-44ec-a2e1-71b2f23bada8,2025-06-09 08:00,2025-06-10 08:00,2025-06-09 08:18,2025-06-10 08:00,2025-06-10 08:00,120,120
710c3855-c2b6-4b76-86e3-ee0e77d56bd4,2025-06-09,1938114,924b60e1-b175-44ec-a2e1-71b2f23bada8,2025-06-09 08:00,2025-06-10 08:00,2025-06-09 08:17,2025-06-10 08:00,2025-06-10 08:00,120,120
969abcbe-1343-4b4e-8c5d-38d22654f681,2025-06-10,1936254,76fba10b-ce1b-441d-befd-c8bd195fe3be,2025-06-10 08:00,2025-06-11 08:00,2025-06-10 08:18,,2025-06-11 08:00,120,120
ce331184-0f38-49db-9385-e872d5bf5b7c,2025-06-11,1951775,924b60e1-b175-44ec-a2e1-71b2f23bada8,2025-06-11 08:00,2025-06-12 08:00,2025-06-11 08:16,,2025-06-12 08:00,120,120
d70748a1-5125-46f4-850f-8bffbc035756,2025-06-12,1937185,924b60e1-b175-44ec-a2e1-71b2f23bada8,2025-06-12 08:00,2025-06-13 08:00,2025-06-12 08:17,2025-06-13 08:00,2025-06-13 08:00,120,120
13445b6e-0e85-4bab-89bb-de74081a5029,2025-06-12,1937182,76fba10b-ce1b-441d-befd-c8bd195fe3be,2025-06-12 08:00,2025-06-13 08:00,2025-06-12 08:16,,2025-06-13 08:00,120,120
51cf8b21-7425-4f45-a150-d02543e93b41,2025-06-13,1938112,76fba10b-ce1b-441d-befd-c8bd195fe3be,2025-06-13 08:00,2025-06-14 08:00,2025-06-13 08:17,,2025-06-14 08:00,120,120
02ff8b7c-9889-44fe-8a76-1f495a77d8ec,2025-06-13,1938113,76fba10b-ce1b-441d-befd-c8bd195fe3be,2025-06-13 08:00,2025-06-14 08:00,2025-06-13 08:17,2025-06-14 08:00,2025-06-14 08:00,120,120
cf05157f-5574-4b07-bafb-d72b86c9f200,2025-06-13,1938115,924b60e1-b175-44ec-a2e1-71b2f23bada8,2025-06-13 08:00,2025-06-14 08:00,2025-06-13 08:17,2025-06-14 08:00,2025-06-14 08:00,120,120
7fda0258-5876-476a-9412-ca646bf49305,2025-06-14,1936253,76fba10b-ce1b-441d-befd-c8bd195fe3be,2025-06-14 08:00,2025-06-15 08:00,2025-06-14 08:18,2025-06-15 08:00,2025-06-15 08:00,120,120
cd1d59bb-bf7b-4155-8d91-041ba23a83d2,2025-06-14,1936254,76fba10b-ce1b-441d-befd-c8bd195fe3be,2025-06-14 08:18,2025-06-14 10:18,2025-06-14 08:18,2025-06-14 10:18,2025-06-14 10:18,120,120
755975b8-34c1-4568-a553-35dae9bc08bf,2025-06-14,1936255,924b60e1-b175-44ec-a2e1-71b2f23bada8,2025-06-14 08:00,2025-06-15 08:00,2025-06-14 08:18,2025-06-15 08:00,2025-06-15 08:00,120,120
0f128ab7-3d7b-4b8f-98d1-34b1a8fa5dbc,2025-06-15,1937183,76fba10b-ce1b-441d-befd-c8bd195fe3be,2025-06-15 08:00,2025-06-16 08:00,2025-06-15 08:16,2025-06-16 08:00,2025-06-16 08:00,120,120
58340be9-6962-4f2d-bc5a-016a5810654f,2025-06-15,1937185,924b60e1-b175-44ec-a2e1-71b2f23bada8,2025-06-15 08:00,2025-06-16 08:00,2025-06-15 08:16,2025-06-16 08:00,2025-06-16 08:00,120,120
5b313525-4ae9-4338-95c4-4d9e73d860d2,2025-06-15,1937184,924b60e1-b175-44ec-a2e1-71b2f23bada8,2025-06-15 08:00,2025-06-16 08:00,2025-06-15 08:16,2025-06-16 08:00,2025-06-16 08:00,120,120
4f17abe0-b149-4bf7-aad9-bf15523b906d,2025-06-16,1938114,924b60e1-b175-44ec-a2e1-71b2f23bada8,2025-06-16 08:00,2025-06-17 08:00,2025-06-16 08:17,2025-06-17 08:00,2025-06-17 08:00,120,120
69491abb-4c26-48b0-97f1-c43a4ab5bfc8,2025-06-16,1938113,76fba10b-ce1b-441d-befd-c8bd195fe3be,2025-06-16 08:17,2025-06-16 10:17,2025-06-16 08:17,2025-06-16 10:17,2025-06-16 10:17,120,120
38dd0562-01ef-439f-a6f7-6391baa8e577,2025-06-16,1938115,924b60e1-b175-44ec-a2e1-71b2f23bada8,2025-06-16 08:00,2025-06-17 08:00,2025-06-16 08:18,2025-06-17 08:00,2025-06-17 08:00,120,120
2be91f93-a5c8-4a85-aecf-7147df353f72,2025-06-17,1936255,924b60e1-b175-44ec-a2e1-71b2f23bada8,2025-06-17 08:00,2025-06-18 08:00,2025-06-17 08:18,2025-06-18 08:00,2025-06-18 08:00,120,120
dd215e34-9508-4782-98c9-b4e48b10b777,2025-06-17,1936256,924b60e1-b175-44ec-a2e1-71b2f23bada8,2025-06-17 08:00,2025-06-18 08:00,2025-06-17 08:18,2025-06-18 08:00,2025-06-18 08:00,120,120
63bdf05a-1dc8-4440-b0fd-e480ce769343,2025-06-18,1951774,924b60e1-b175-44ec-a2e1-71b2f23bada8,2025-06-18 08:00,2025-06-19 08:00,2025-06-18 08:15,2025-06-19 08:00,2025-06-19 08:00,120,120
9a536d6d-af7a-4435-a953-14e8623d0382,2025-06-18,1951772,76fba10b-ce1b-441d-befd-c8bd195fe3be,2025-06-18 08:00,2025-06-19 08:00,2025-06-18 08:15,2025-06-19 08:00,2025-06-19 08:00,120,120
5bf601d3-5619-4fe5-8c11-2435ddc15629,2025-06-19,1937185,924b60e1-b175-44ec-a2e1-71b2f23bada8,2025-06-19 08:00,2025-06-20 08:00,2025-06-19 08:17,2025-06-20 08:00,2025-06-20 08:00,120,120
79cbcfd7-3165-40b2-aa1b-53405a623f22,2025-06-19,1937184,924b60e1-b175-44ec-a2e1-71b2f23bada8,2025-06-19 08:00,2025-06-20 08:00,2025-06-19 08:16,2025-06-20 08:00,2025-06-20 08:00,120,120
f9e08c5c-e380-4aa9-b649-364a71845307,2025-06-19,1937182,76fba10b-ce1b-441d-befd-c8bd195fe3be,2025-06-19 08:00,2025-06-20 08:00,2025-06-19 08:16,2025-06-20 08:00,2025-06-20 08:00,120,120
b086ce89-b344-4dd9-b3ca-fa7ee244374f,2025-06-20,1938115,924b60e1-b175-44ec-a2e1-71b2f23bada8,2025-06-20 08:00,2025-06-21 08:00,2025-06-20 08:18,2025-06-21 08:00,2025-06-21 08:00,120,120
42d8dd57-4347-4a04-a4fd-3c11832dbea8,2025-06-20,1938114,924b60e1-b175-44ec-a2e1-71b2f23bada8,2025-06-20 08:00,2025-06-21 08:00,2025-06-20 08:17,2025-06-21 08:00,2025-06-21 08:00,120,120
218f7b5c-fdac-452e-9dcb-046efdf53b37,2025-06-20,1938113,76fba10b-ce1b-441d-befd-c8bd195fe3be,2025-06-20 08:00,2025-06-21 08:00,2025-06-20 08:17,2025-06-21 08:00,2025-06-21 08:00,120,120
2c2b44df-7837-4637-9c3d-87e1c1ce4029,2025-06-21,1936256,924b60e1-b175-44ec-a2e1-71b2f23bada8,2025-06-21 08:00,2025-06-22 08:00,2025-06-21 08:18,2025-06-22 08:00,2025-06-22 08:00,120,120
a2d0a16a-08a1-4948-a0ef-96f8d1ca703a,2025-06-21,1936254,76fba10b-ce1b-441d-befd-c8bd195fe3be,2025-06-21 08:00,2025-06-22 08:00,2025-06-21 08:18,2025-06-22 08:00,2025-06-22 08:00,120,120
abeacfd1-a053-42fe-855a-4ba4ebaeed52,2025-06-22,1937183,76fba10b-ce1b-441d-befd-c8bd195fe3be,2025-06-22 08:00,2025-06-23 08:00,2025-06-22 08:16,2025-06-23 08:00,2025-06-23 08:00,120,120
a2980c4e-8054-462c-9d05-571ecb199e02,2025-06-22,1937182,76fba10b-ce1b-441d-befd-c8bd195fe3be,2025-06-22 08:16,2025-06-22 10:16,2025-06-22 08:16,2025-06-22 10:16,2025-06-22 10:16,120,120
360ce4ca-c82a-4705-be4f-a4774f43a2d3,2025-06-22,1937185,924b60e1-b175-44ec-a2e1-71b2f23bada8,2025-06-22 08:00,2025-06-23 08:00,2025-06-22 08:17,2025-06-23 08:00,2025-06-23 08:00,120,120
63047a11-42b6-4044-b295-caeab1384feb,2025-06-23,1938115,924b60e1-b175-44ec-a2e1-71b2f23bada8,2025-06-23 08:00,2025-06-24 08:00,2025-06-23 08:17,2025-06-24 08:00,2025-06-24 08:00,120,120
3c9c9df7-57aa-40ba-b2bf-5fdb92d65b28,2025-06-23,1938113,76fba10b-ce1b-441d-befd-c8bd195fe3be,2025-06-23 08:00,2025-06-24 08:00,2025-06-23 08:17,2025-06-24 08:00,2025-06-24 08:00,120,120
c07a9b79-7270-4caa-b259-9c017301c9b9,2025-06-23,1938112,76fba10b-ce1b-441d-befd-c8bd195fe3be,2025-06-23 08:00,2025-06-24 08:00,2025-06-23 08:17,2025-06-24 08:00,2025-06-24 08:00,120,120
5b4e5765-2a30-4e40-a28d-3169b871492e,2025-06-24,1936256,924b60e1-b175-44ec-a2e1-71b2f23bada8,2025-06-24 08:00,2025-06-25 08:00,2025-06-24 08:18,2025-06-25 08:00,2025-06-25 08:00,120,120
023b868f-dab3-47e3-9353-ea2b8b36b392,2025-06-24,1936255,924b60e1-b175-44ec-a2e1-71b2f23bada8,2025-06-24 08:00,2025-06-25 08:00,2025-06-24 08:18,2025-06-25 08:00,2025-06-25 08:00,120,120
36750e2d-1c82-430b-a1b6-f6041f147d97,2025-06-25,1951774,924b60e1-b175-44ec-a2e1-71b2f23bada8,2025-06-25 08:00,2025-06-26 08:00,2025-06-25 08:15,2025-06-26 08:00,2025-06-26 08:00,120,120
e95fc2ad-14d2-475d-af33-27bc07aacdc1,2025-06-25,1951775,924b60e1-b175-44ec-a2e1-71b2f23bada8,2025-06-25 08:00,2025-06-26 08:00,2025-06-25 08:15,2025-06-26 08:00,2025-06-26 08:00,120,120
e7f18e4d-7a59-4412-8c17-b84c7bdd2b8f,2025-06-26,1937182,76fba10b-ce1b-441d-befd-c8bd195fe3be,2025-06-26 08:00,2025-06-27 08:00,2025-06-26 08:16,2025-06-27 08:00,2025-06-27 08:00,120,120
7b029470-8c71-49bf-a03b-23b83e19f75a,2025-06-26,1937183,76fba10b-ce1b-441d-befd-c8bd195fe3be,2025-06-26 08:00,2025-06-27 08:00,2025-06-26 08:16,2025-06-27 08:00,2025-06-27 08:00,120,120
fef2c6e0-a690-44c2-ad90-b0fd13806334,2025-06-27,1938115,924b60e1-b175-44ec-a2e1-71b2f23bada8,2025-06-27 08:00,2025-06-28 08:00,2025-06-27 08:18,2025-06-28 08:00,2025-06-28 08:00,120,120
cd0705c3-825e-4c24-9588-55ebcb5ae9e0,2025-06-27,1938114,924b60e1-b175-44ec-a2e1-71b2f23bada8,2025-06-27 08:00,2025-06-28 08:00,2025-06-27 08:17,2025-06-28 08:00,2025-06-28 08:00,120,120
fddf8068-ae85-450f-a0c3-35605b03fd36,2025-06-27,1938113,76fba10b-ce1b-441d-befd-c8bd195fe3be,2025-06-27 08:00,2025-06-28 08:00,2025-06-27 08:17,2025-06-28 08:00,2025-06-28 08:00,120,120
d551601f-e90f-4e79-8e39-24bb1b7d9456,2025-06-29,1937184,924b60e1-b175-44ec-a2e1-71b2f23bada8,2025-06-29 08:00,2025-06-30 08:00,2025-06-29 08:16,2025-06-30 08:01,2025-06-30 08:01,120,120
debb996e-7ac4-4101-8289-a5a7f52f346d,2025-06-29,1937185,924b60e1-b175-44ec-a2e1-71b2f23bada8,2025-06-29 08:00,2025-06-30 08:00,2025-06-29 08:17,2025-06-30 08:00,2025-06-30 08:00,120,120
66fc76ff-9d4e-4bcf-9632-b88948810847,2025-06-30,1938112,76fba10b-ce1b-441d-befd-c8bd195fe3be,2025-06-30 08:00,2025-07-01 08:00,2025-06-30 08:17,2025-07-01 08:00,2025-07-01 08:00,120,120
067457d2-9520-4e92-8c41-04dd7f36aaa9,2025-06-30,1938113,76fba10b-ce1b-441d-befd-c8bd195fe3be,2025-06-30 08:00,2025-07-01 08:00,2025-06-30 08:17,2025-07-01 08:00,2025-07-01 08:00,120,120
48d7ade0-5ee5-4770-984d-a42585d641d0,2025-04-01,1936256,924b60e1-b175-44ec-a2e1-71b2f23bada8,2025-04-01 08:00,2025-04-02 08:00,2025-04-01 08:18,2025-04-02 08:00,2025-04-02 08:00,120,120
5722b4ad-c948-4c66-b39e-afaabea0867e,2025-04-01,1936253,76fba10b-ce1b-441d-befd-c8bd195fe3be,2025-04-01 08:00,2025-04-02 08:00,2025-04-01 08:18,2025-04-02 08:00,2025-04-02 08:00,120,120
42b4b99f-08b4-42f9-bec5-d00a6fffd4fa,2025-04-01,1936255,924b60e1-b175-44ec-a2e1-71b2f23bada8,2025-04-01 08:00,2025-04-02 08:00,2025-04-01 08:18,2025-04-02 08:00,2025-04-02 08:00,120,120
59c01bbb-2827-4c20-9e06-ccd66fe40868,2025-04-01,1936254,76fba10b-ce1b-441d-befd-c8bd195fe3be,2025-04-01 08:18,2025-04-01 10:18,2025-04-01 08:18,2025-04-01 10:18,2025-04-01 10:18,120,120
4c9ee323-3ff6-49e5-913f-e0c792891ad8,2025-04-02,1951772,76fba10b-ce1b-441d-befd-c8bd195fe3be,2025-04-02 08:00,2025-04-03 08:00,2025-04-02 08:15,2025-04-03 08:00,2025-04-03 08:00,120,120
c76db02f-c0bd-4fb1-85fd-863f006d6233,2025-04-02,1951775,924b60e1-b175-44ec-a2e1-71b2f23bada8,2025-04-02 08:00,2025-04-03 08:00,2025-04-02 08:15,2025-04-03 08:00,2025-04-03 08:00,120,120
26f10347-b819-45f4-9cdd-9cb3c3919540,2025-04-03,1937182,76fba10b-ce1b-441d-befd-c8bd195fe3be,2025-04-03 08:16,2025-04-03 10:16,2025-04-03 08:16,2025-04-03 10:16,2025-04-03 10:16,120,120
96bd7024-2c9d-4c02-bcd3-6f1167b4124c,2025-04-03,1937185,924b60e1-b175-44ec-a2e1-71b2f23bada8,2025-04-03 08:00,2025-04-04 08:00,2025-04-03 08:16,2025-04-04 08:00,2025-04-04 08:00,120,120
9ae15055-72f3-469c-8460-749d2dc9ceff,2025-04-03,1937184,924b60e1-b175-44ec-a2e1-71b2f23bada8,2025-04-03 08:00,2025-04-04 08:00,2025-04-03 08:16,2025-04-04 08:00,2025-04-04 08:00,120,120
bcd4f322-6c8f-4168-8b3a-7cbc0f2e7ee1,2025-04-04,1938112,76fba10b-ce1b-441d-befd-c8bd195fe3be,2025-04-04 08:00,2025-04-05 08:00,2025-04-04 08:17,2025-04-05 08:00,2025-04-05 08:00,120,120
9fb87188-e0a4-44c5-b025-b571639ee77f,2025-04-04,1938114,924b60e1-b175-44ec-a2e1-71b2f23bada8,2025-04-04 08:00,2025-04-05 08:00,2025-04-04 08:17,2025-04-05 08:00,2025-04-05 08:00,120,120
584eae12-6e85-4252-b13e-394cd281499e,2025-04-04,1938113,76fba10b-ce1b-441d-befd-c8bd195fe3be,2025-04-04 08:00,2025-04-05 08:00,2025-04-04 08:17,2025-04-05 08:00,2025-04-05 08:00,120,120
816a3d76-76bf-4ddd-b579-29d93b2ab5d4,2025-04-05,1936253,76fba10b-ce1b-441d-befd-c8bd195fe3be,2025-04-05 08:00,2025-04-06 08:00,2025-04-05 08:18,2025-04-06 08:00,2025-04-06 08:00,120,120
6b8d6851-b8f3-496f-9bd3-bec6142b0617,2025-04-05,1936256,924b60e1-b175-44ec-a2e1-71b2f23bada8,2025-04-05 08:00,2025-04-06 08:00,2025-04-05 08:18,2025-04-06 08:00,2025-04-06 08:00,120,120
4142486f-db14-4769-8bf6-eeefb826512e,2025-04-06,1937184,924b60e1-b175-44ec-a2e1-71b2f23bada8,2025-04-06 08:00,2025-04-07 08:00,2025-04-06 08:16,2025-04-07 08:00,2025-04-07 08:00,120,120
875e7d6d-11c3-4203-b6d1-7098bd8b59d1,2025-04-07,1938113,76fba10b-ce1b-441d-befd-c8bd195fe3be,2025-04-07 08:00,2025-04-08 08:00,2025-04-07 08:17,2025-04-08 08:00,2025-04-08 08:00,120,120
c0a1a18d-d1a4-48b1-9430-b3e4aee797b5,2025-04-08,1936254,76fba10b-ce1b-441d-befd-c8bd195fe3be,2025-04-08 08:00,2025-04-09 08:00,2025-04-08 08:18,2025-04-09 08:00,2025-04-09 08:00,120,120
58eabd96-a635-4fb5-88d1-99c2d6a95fa9,2025-04-08,1936256,924b60e1-b175-44ec-a2e1-71b2f23bada8,2025-04-08 08:00,2025-04-09 08:00,2025-04-08 08:18,,2025-04-09 08:00,120,120
3c8d3246-5357-4e49-9264-8d50b12882d0,2025-04-09,1951772,76fba10b-ce1b-441d-befd-c8bd195fe3be,2025-04-09 08:00,2025-04-10 08:00,2025-04-09 08:15,2025-04-10 08:00,2025-04-10 08:00,120,120
df160bc8-dae5-4e9c-bed8-a3819b5ee27a,2025-04-09,1951775,924b60e1-b175-44ec-a2e1-71b2f23bada8,2025-04-09 08:00,2025-04-10 08:00,2025-04-09 08:15,2025-04-10 08:00,2025-04-10 08:00,120,120
f8b8f3c4-82e8-438b-be3a-02986e3ebffa,2025-04-10,1937185,924b60e1-b175-44ec-a2e1-71b2f23bada8,2025-04-10 08:00,2025-04-11 08:00,2025-04-10 08:16,2025-04-11 08:00,2025-04-11 08:00,120,120
f35b3be7-211b-489c-a09a-8ef92bbb28ac,2025-04-10,1937182,76fba10b-ce1b-441d-befd-c8bd195fe3be,2025-04-10 08:00,2025-04-11 08:00,2025-04-10 08:16,,2025-04-11 08:00,120,120
f5bc14a4-16a5-4294-953d-f775d67d9066,2025-04-10,1937184,924b60e1-b175-44ec-a2e1-71b2f23bada8,2025-04-10 08:00,2025-04-11 08:00,2025-04-10 08:16,2025-04-11 08:00,2025-04-11 08:00,120,120
448eed5b-b4a5-40ce-a513-b966a1e7a434,2025-04-11,1938113,76fba10b-ce1b-441d-befd-c8bd195fe3be,2025-04-11 08:00,2025-04-12 08:00,2025-04-11 08:17,,2025-04-12 08:00,120,120
e548e280-b7fb-411c-9e79-9a49cf7bf1ce,2025-04-11,1938115,924b60e1-b175-44ec-a2e1-71b2f23bada8,2025-04-11 08:00,2025-04-12 08:00,2025-04-11 08:17,2025-04-12 08:00,2025-04-12 08:00,120,120
1127c9aa-f785-4dd4-abca-7d8bd3a67bd9,2025-04-12,1936253,76fba10b-ce1b-441d-befd-c8bd195fe3be,2025-04-12 08:18,2025-04-12 10:18,2025-04-12 08:18,2025-04-12 10:22,2025-04-12 10:22,120,120
e6cf68de-4fc2-4aa2-86c0-66966de500cc,2025-04-12,1936255,924b60e1-b175-44ec-a2e1-71b2f23bada8,2025-04-12 08:00,2025-04-13 08:00,2025-04-12 08:18,2025-04-13 08:00,2025-04-13 08:00,120,120
778dfe9e-a8b6-4164-93f6-6094f476fd4c,2025-04-13,1937185,924b60e1-b175-44ec-a2e1-71b2f23bada8,2025-04-13 08:00,2025-04-14 08:00,2025-04-13 08:17,2025-04-14 08:00,2025-04-14 08:00,120,120
5976a07c-f2f8-481f-8139-71cd8c6acfbc,2025-04-14,1938113,76fba10b-ce1b-441d-befd-c8bd195fe3be,2025-04-14 08:00,2025-04-15 08:00,2025-04-14 08:17,2025-04-15 08:00,2025-04-15 08:00,120,120
b075aadd-567a-4db7-83d8-8f96999e2922,2025-04-15,1936256,924b60e1-b175-44ec-a2e1-71b2f23bada8,2025-04-15 08:00,2025-04-16 08:00,2025-04-15 08:18,2025-04-16 08:00,2025-04-16 08:00,120,120
18191837-63d6-4ef7-93c6-47e4fbbfc7ff,2025-04-15,1936253,76fba10b-ce1b-441d-befd-c8bd195fe3be,2025-04-15 08:00,2025-04-16 08:00,2025-04-15 08:18,2025-04-16 08:00,2025-04-16 08:00,120,120
c8016a50-74af-4b09-9c49-2ef5c6eebcaf,2025-04-17,1937184,924b60e1-b175-44ec-a2e1-71b2f23bada8,2025-04-17 08:00,2025-04-18 08:00,2025-04-17 08:16,2025-04-18 08:00,2025-04-18 08:00,120,120
35917885-9c06-401c-8fb8-a506c5409800,2025-04-17,1937182,76fba10b-ce1b-441d-befd-c8bd195fe3be,2025-04-17 08:00,2025-04-18 08:00,2025-04-17 08:16,2025-04-18 08:00,2025-04-18 08:00,120,120
72baa503-ab9e-4cf1-801d-9b23d5c8599e,2025-04-17,1937185,924b60e1-b175-44ec-a2e1-71b2f23bada8,2025-04-17 08:00,2025-04-18 08:00,2025-04-17 08:16,,2025-04-18 08:00,120,120
31fec4b1-efbe-4daa-86d0-ab90defce46a,2025-04-18,1938113,76fba10b-ce1b-441d-befd-c8bd195fe3be,2025-04-18 08:17,2025-04-18 10:17,2025-04-18 08:17,2025-04-18 10:17,2025-04-18 10:17,120,120
527486a2-a590-4974-b4f7-a8fa48dd17a4,2025-04-18,1938112,76fba10b-ce1b-441d-befd-c8bd195fe3be,2025-04-18 08:17,2025-04-18 10:17,2025-04-18 08:17,2025-04-18 10:17,2025-04-18 10:17,120,120
e626e263-562a-469b-b515-f3120deef06e,2025-04-19,1936255,924b60e1-b175-44ec-a2e1-71b2f23bada8,2025-04-19 08:00,2025-04-20 08:00,2025-04-19 08:18,2025-04-20 08:00,2025-04-20 08:00,120,120
fd227358-bef7-475e-9748-ddf99fdd0630,2025-04-20,1937184,924b60e1-b175-44ec-a2e1-71b2f23bada8,2025-04-20 08:00,2025-04-21 08:00,2025-04-20 08:16,2025-04-21 08:00,2025-04-21 08:00,120,120
58189c8f-7cca-4c3b-badb-6534c5f20ac4,2025-04-20,1937183,76fba10b-ce1b-441d-befd-c8bd195fe3be,2025-04-20 08:00,2025-04-21 08:00,2025-04-20 08:16,2025-04-21 08:00,2025-04-21 08:00,120,120
9aa0b826-d7fa-413d-b685-298e511ffad5,2025-04-21,1938115,924b60e1-b175-44ec-a2e1-71b2f23bada8,2025-04-21 08:00,2025-04-22 08:00,2025-04-21 08:17,2025-04-22 08:00,2025-04-22 08:00,120,120
aae83b48-99bd-4aa5-ac82-bc558b928ffc,2025-04-21,1938113,76fba10b-ce1b-441d-befd-c8bd195fe3be,2025-04-21 08:00,2025-04-22 08:00,2025-04-21 08:17,2025-04-22 08:00,2025-04-22 08:00,120,120
e92d603d-a485-4a0d-9469-cd5edfd6dcef,2025-04-22,1936254,76fba10b-ce1b-441d-befd-c8bd195fe3be,2025-04-22 08:00,2025-04-23 08:00,2025-04-22 08:18,2025-04-23 08:00,2025-04-23 08:00,120,120
7c9521bc-9a36-417d-8437-70bdb92c53e3,2025-04-22,1936255,924b60e1-b175-44ec-a2e1-71b2f23bada8,2025-04-22 08:00,2025-04-23 08:00,2025-04-22 08:18,2025-04-23 08:00,2025-04-23 08:00,120,120
4c262295-f439-44d3-be97-2818142853b4,2025-04-23,1951772,76fba10b-ce1b-441d-befd-c8bd195fe3be,2025-04-23 08:00,2025-04-24 08:00,2025-04-23 08:15,2025-04-24 08:00,2025-04-24 08:00,120,120
59d2a032-171a-4127-a43e-f11767529cf8,2025-04-24,1937185,924b60e1-b175-44ec-a2e1-71b2f23bada8,2025-04-24 08:00,2025-04-25 08:00,2025-04-24 08:17,2025-04-25 08:00,2025-04-25 08:00,120,120
2e2cb1ba-fb9d-44b1-93d3-c64e5c62bc41,2025-04-25,1938115,924b60e1-b175-44ec-a2e1-71b2f23bada8,2025-04-25 08:00,2025-04-26 08:00,2025-04-25 08:18,2025-04-26 08:00,2025-04-26 08:00,120,120
de243a05-106e-469d-b56a-33f1acf4278d,2025-04-26,1936256,924b60e1-b175-44ec-a2e1-71b2f23bada8,2025-04-26 08:00,2025-04-27 08:00,2025-04-26 08:19,2025-04-27 08:00,2025-04-27 08:00,120,120
63d0b522-1c54-4611-b0c8-54ad11999da3,2025-04-26,1936254,76fba10b-ce1b-441d-befd-c8bd195fe3be,2025-04-26 08:00,2025-04-27 08:00,2025-04-26 08:18,2025-04-27 08:00,2025-04-27 08:00,120,120
a09d0a51-94f0-46c9-a865-16d57cd8a8af,2025-04-27,1937183,76fba10b-ce1b-441d-befd-c8bd195fe3be,2025-04-27 08:00,2025-04-28 08:00,2025-04-27 08:16,2025-04-28 08:00,2025-04-28 08:00,120,120
2db308af-0bac-4f0e-83a2-ca84dc70ee97,2025-04-27,1937184,924b60e1-b175-44ec-a2e1-71b2f23bada8,2025-04-27 08:00,2025-04-28 08:00,2025-04-27 08:16,2025-04-28 08:00,2025-04-28 08:00,120,120
1de7fbcc-0532-4f4e-9bd2-7aa634b9d28b,2025-04-28,1938114,924b60e1-b175-44ec-a2e1-71b2f23bada8,2025-04-28 08:00,2025-04-29 08:00,2025-04-28 08:17,2025-04-29 08:00,2025-04-29 08:00,120,120
59fbc934-6207-4fee-864d-46ac44230589,2025-04-28,1938115,924b60e1-b175-44ec-a2e1-71b2f23bada8,2025-04-28 08:00,2025-04-29 08:00,2025-04-28 08:18,2025-04-29 08:00,2025-04-29 08:00,120,120
a7f66476-0269-4bb1-aebb-eb751cb57492,2025-04-29,1936256,924b60e1-b175-44ec-a2e1-71b2f23bada8,2025-04-29 08:00,2025-04-30 08:00,2025-04-29 08:19,2025-04-30 08:00,2025-04-30 08:00,120,120
0dff9522-9da1-430b-abc4-ccaf2a7d585d,2025-04-29,1936255,924b60e1-b175-44ec-a2e1-71b2f23bada8,2025-04-29 08:00,2025-04-30 08:00,2025-04-29 08:18,2025-04-30 08:00,2025-04-30 08:00,120,120
9b619aad-3042-45bc-a5ae-4a47aad464f2,2025-04-29,1936253,76fba10b-ce1b-441d-befd-c8bd195fe3be,2025-04-29 08:00,2025-04-30 08:00,2025-04-29 08:18,2025-04-30 08:00,2025-04-30 08:00,120,120
51bf3f57-adcc-4f42-81cc-9f5a538185d3,2025-04-30,1951775,924b60e1-b175-44ec-a2e1-71b2f23bada8,2025-04-30 08:00,2025-05-01 08:00,2025-04-30 08:15,2025-05-01 08:00,2025-05-01 08:00,120,120
38c87fd8-5d11-41bd-922f-0bdc65535046,2025-04-30,1951774,924b60e1-b175-44ec-a2e1-71b2f23bada8,2025-04-30 08:00,2025-05-01 08:00,2025-04-30 08:15,2025-05-01 08:00,2025-05-01 08:00,120,120
5aee1742-0f0c-428e-ab34-3aae12281e24,2025-05-01,1937182,76fba10b-ce1b-441d-befd-c8bd195fe3be,2025-05-01 08:00,2025-05-02 08:00,2025-05-01 08:16,2025-05-02 08:00,2025-05-02 08:00,120,120
0a57fbd8-04e2-4fd6-8194-0f5917cb3332,2025-05-01,1937184,924b60e1-b175-44ec-a2e1-71b2f23bada8,2025-05-01 08:00,2025-05-02 08:00,2025-05-01 08:16,2025-05-02 08:00,2025-05-02 08:00,120,120
e0b719ad-1ec9-423e-8b45-bc3b6caf54ac,2025-05-02,1938113,76fba10b-ce1b-441d-befd-c8bd195fe3be,2025-05-02 08:00,2025-05-03 08:00,2025-05-02 08:17,2025-05-03 08:00,2025-05-03 08:00,120,120
6d1a2b6a-820e-4c15-b42b-9ac2a3dd048f,2025-05-04,1937184,924b60e1-b175-44ec-a2e1-71b2f23bada8,2025-05-04 08:00,2025-05-05 08:00,2025-05-04 08:16,2025-05-05 08:00,2025-05-05 08:00,120,120
a4108af3-ce7f-4d32-941f-fe34a7ebb3cd,2025-05-04,1937182,76fba10b-ce1b-441d-befd-c8bd195fe3be,2025-05-04 08:00,2025-05-05 08:00,2025-05-04 08:16,2025-05-05 08:00,2025-05-05 08:00,120,120
068ff388-0ae3-49ff-8325-e4b84f4a9d7b,2025-05-04,1937183,76fba10b-ce1b-441d-befd-c8bd195fe3be,2025-05-04 08:00,2025-05-05 08:00,2025-05-04 08:16,2025-05-05 08:00,2025-05-05 08:00,120,120
966fe35c-f4d4-4941-a4f1-bff95b440b8a,2025-05-05,1938114,924b60e1-b175-44ec-a2e1-71b2f23bada8,2025-05-05 08:00,2025-05-06 08:00,2025-05-05 08:17,2025-05-06 08:00,2025-05-06 08:00,120,120
fa1c33d8-2f36-415b-855e-2548113637b0,2025-05-05,1938115,924b60e1-b175-44ec-a2e1-71b2f23bada8,2025-05-05 08:00,2025-05-06 08:00,2025-05-05 08:17,2025-05-06 08:00,2025-05-06 08:00,120,120
9f0b7bc6-de65-419b-aa10-98fa8ae072d2,2025-05-05,1938113,76fba10b-ce1b-441d-befd-c8bd195fe3be,2025-05-05 08:00,2025-05-06 08:00,2025-05-05 08:17,2025-05-06 08:00,2025-05-06 08:00,120,120
bc71a36f-8559-41e5-89eb-ac88aae028fa,2025-05-06,1936253,76fba10b-ce1b-441d-befd-c8bd195fe3be,2025-05-06 08:00,2025-05-07 08:00,2025-05-06 08:18,2025-05-07 08:00,2025-05-07 08:00,120,120
6e95023f-0e12-463b-bdbc-1f4f402590ed,2025-05-06,1936255,924b60e1-b175-44ec-a2e1-71b2f23bada8,2025-05-06 08:00,2025-05-07 08:00,2025-05-06 08:18,2025-05-07 08:00,2025-05-07 08:00,120,120
ef905bbd-f995-414d-8e8e-5b2efde61cb3,2025-05-07,1951775,924b60e1-b175-44ec-a2e1-71b2f23bada8,2025-05-07 08:00,2025-05-08 08:00,2025-05-07 08:15,2025-05-08 08:00,2025-05-08 08:00,120,120
b19d580b-cfd0-4516-84d8-086252f9469b,2025-05-08,1937185,924b60e1-b175-44ec-a2e1-71b2f23bada8,2025-05-08 08:00,2025-05-09 08:00,2025-05-08 08:17,2025-05-09 08:00,2025-05-09 08:00,120,120
febe15ea-38f3-422b-92fb-828e7e16dd88,2025-05-08,1937184,924b60e1-b175-44ec-a2e1-71b2f23bada8,2025-05-08 08:00,2025-05-09 08:00,2025-05-08 08:16,2025-05-09 08:00,2025-05-09 08:00,120,120
22469cad-3320-4051-8574-fd90fbfd4687,2025-05-08,1937182,76fba10b-ce1b-441d-befd-c8bd195fe3be,2025-05-08 08:00,2025-05-09 08:00,2025-05-08 08:16,2025-05-09 08:00,2025-05-09 08:00,120,120
e0d18ef5-80bc-4e7b-b3d1-fff7086a675c,2025-05-09,1938114,924b60e1-b175-44ec-a2e1-71b2f23bada8,2025-05-09 08:00,2025-05-10 08:00,2025-05-09 08:17,2025-05-10 08:00,2025-05-10 08:00,120,120
26bf1374-925e-4806-88a8-97b08fe34b04,2025-05-09,1938113,76fba10b-ce1b-441d-befd-c8bd195fe3be,2025-05-09 08:17,2025-05-09 10:17,2025-05-09 08:17,2025-05-09 10:17,2025-05-09 10:17,120,120
e25ea54d-bf40-4bc0-bd38-9738e68cee97,2025-05-09,1938112,76fba10b-ce1b-441d-befd-c8bd195fe3be,2025-05-09 08:00,2025-05-10 08:00,2025-05-09 08:17,2025-05-10 08:00,2025-05-10 08:00,120,120
d7e12a6a-ceff-40ab-9b58-d11ab9763d8b,2025-05-10,1936253,76fba10b-ce1b-441d-befd-c8bd195fe3be,2025-05-10 08:18,2025-05-10 10:18,2025-05-10 08:18,2025-05-10 10:18,2025-05-10 10:18,120,120
5806e956-b6bd-4e83-9107-fb55ea00f09e,2025-05-10,1936256,924b60e1-b175-44ec-a2e1-71b2f23bada8,2025-05-10 08:00,2025-05-11 08:00,2025-05-10 08:18,2025-05-11 08:00,2025-05-11 08:00,120,120
0ee0c9df-ad44-4870-aed4-a52f6008731f,2025-05-12,1938113,76fba10b-ce1b-441d-befd-c8bd195fe3be,2025-05-12 08:00,2025-05-13 08:00,2025-05-12 08:17,2025-05-13 08:00,2025-05-13 08:00,120,120
fe436f24-8575-49e2-89ac-245d03bbf332,2025-05-12,1938114,924b60e1-b175-44ec-a2e1-71b2f23bada8,2025-05-12 08:00,2025-05-13 08:00,2025-05-12 08:17,2025-05-13 08:00,2025-05-13 08:00,120,120
ee7c7b83-f0ca-4294-aa26-c3935745b532,2025-05-13,1936255,924b60e1-b175-44ec-a2e1-71b2f23bada8,2025-05-13 08:00,2025-05-14 08:00,2025-05-13 08:18,2025-05-14 08:00,2025-05-14 08:00,120,120
a2f06ca7-c7e0-4f79-b2c1-c08130f93912,2025-05-13,1936254,76fba10b-ce1b-441d-befd-c8bd195fe3be,2025-05-13 08:00,2025-05-14 08:00,2025-05-13 08:18,2025-05-14 08:00,2025-05-14 08:00,120,120
576d5022-4fcb-43b8-9691-a318807edd55,2025-05-14,1951772,76fba10b-ce1b-441d-befd-c8bd195fe3be,2025-05-14 08:00,2025-05-15 08:00,2025-05-14 08:15,2025-05-15 08:00,2025-05-15 08:00,120,120
7af5a686-ffde-40d8-b02b-f6edc2ae36ce,2025-05-15,1937185,924b60e1-b175-44ec-a2e1-71b2f23bada8,2025-05-15 08:00,2025-05-16 08:00,2025-05-15 08:16,2025-05-16 08:00,2025-05-16 08:00,120,120
46c5b0c6-af8d-4975-a937-2a8a5a3afc25,2025-05-15,1937184,924b60e1-b175-44ec-a2e1-71b2f23bada8,2025-05-15 08:00,2025-05-16 08:00,2025-05-15 08:16,2025-05-16 08:00,2025-05-16 08:00,120,120
0f978b4d-c75a-4d17-a6b1-6d79bc806891,2025-05-15,1937182,76fba10b-ce1b-441d-befd-c8bd195fe3be,2025-05-15 08:16,2025-05-15 10:16,2025-05-15 08:16,2025-05-15 10:16,2025-05-15 10:16,120,120
1a0ff58e-31ff-4745-ba96-f3f0023822e7,2025-05-16,1938113,76fba10b-ce1b-441d-befd-c8bd195fe3be,2025-05-16 08:00,2025-05-17 08:00,2025-05-16 08:17,2025-05-17 08:00,2025-05-17 08:00,120,120
04a6e890-2c49-4eaa-8c01-7a1706e5a31e,2025-05-17,1936256,924b60e1-b175-44ec-a2e1-71b2f23bada8,2025-05-17 08:00,2025-05-18 08:00,2025-05-17 08:19,2025-05-18 08:00,2025-05-18 08:00,120,120
5aff3484-a8c6-49b8-8cd7-b8e4f8c368e6,2025-05-17,1936253,76fba10b-ce1b-441d-befd-c8bd195fe3be,2025-05-17 08:00,2025-05-18 08:00,2025-05-17 08:18,2025-05-18 08:00,2025-05-18 08:00,120,120
fdffa478-09c4-4d15-b3dd-fc8bd8e124b6,2025-05-18,1937182,76fba10b-ce1b-441d-befd-c8bd195fe3be,2025-05-18 08:00,2025-05-19 08:00,2025-05-18 08:16,2025-05-19 08:00,2025-05-19 08:00,120,120
dd28a599-675a-45d3-a715-e78537555716,2025-05-18,1937184,924b60e1-b175-44ec-a2e1-71b2f23bada8,2025-05-18 08:00,2025-05-19 08:00,2025-05-18 08:16,2025-05-19 08:00,2025-05-19 08:00,120,120
3e6b86e0-2a77-4e82-b24a-159c89b288f0,2025-05-19,1938115,924b60e1-b175-44ec-a2e1-71b2f23bada8,2025-05-19 08:00,2025-05-20 08:00,2025-05-19 08:17,2025-05-20 08:00,2025-05-20 08:00,120,120
aa10e4fc-aeac-4ec7-bed7-49b0fb8b3dac,2025-05-19,1938112,76fba10b-ce1b-441d-befd-c8bd195fe3be,2025-05-19 08:17,2025-05-19 10:17,2025-05-19 08:17,2025-05-19 10:17,2025-05-19 10:17,120,120
e305c9e3-7172-4c35-acb0-6ad6868d25e3,2025-05-19,1938113,76fba10b-ce1b-441d-befd-c8bd195fe3be,2025-05-19 08:00,2025-05-20 08:00,2025-05-19 08:17,,2025-05-20 08:00,120,120
f0a68d31-1803-42c6-9839-9aff874cd11f,2025-05-21,1951774,924b60e1-b175-44ec-a2e1-71b2f23bada8,2025-05-21 08:00,2025-05-22 08:00,2025-05-21 08:15,2025-05-22 08:00,2025-05-22 08:00,120,120
1e0e23c0-55c8-469d-9a34-1f19b3a01537,2025-05-20,1936256,924b60e1-b175-44ec-a2e1-71b2f23bada8,2025-05-20 08:00,2025-05-21 08:00,2025-05-20 08:18,2025-05-21 08:00,2025-05-21 08:00,120,120
9d680f88-aaeb-4dcb-8bd0-a987f541a4c6,2025-05-20,1936253,76fba10b-ce1b-441d-befd-c8bd195fe3be,2025-05-20 08:00,2025-05-21 08:00,2025-05-20 08:18,,2025-05-21 08:00,120,120
0e061a88-17de-49ed-b54d-265fb5c64e41,2025-05-20,1936254,76fba10b-ce1b-441d-befd-c8bd195fe3be,2025-05-20 08:00,2025-05-21 08:00,2025-05-20 08:18,2025-05-21 08:00,2025-05-21 08:00,120,120
f1265f39-32b0-41f2-9593-c8b9b0487a32,2025-05-21,1951772,76fba10b-ce1b-441d-befd-c8bd195fe3be,2025-05-21 08:00,2025-05-22 08:00,2025-05-21 08:15,2025-05-22 08:00,2025-05-22 08:00,120,120
6ef30116-75f4-47ee-b290-1a2fa816feac,2025-05-22,1937183,76fba10b-ce1b-441d-befd-c8bd195fe3be,2025-05-22 08:00,2025-05-23 08:00,2025-05-22 08:16,2025-05-23 08:00,2025-05-23 08:00,120,120
ca10983a-31b7-4cff-a1c7-a91f88cf2117,2025-05-23,1938113,76fba10b-ce1b-441d-befd-c8bd195fe3be,2025-05-23 08:00,2025-05-24 08:00,2025-05-23 08:17,2025-05-24 08:00,2025-05-24 08:00,120,120
752a29ed-3854-4bf4-acba-2e8e8f42d8ab,2025-05-23,1938115,924b60e1-b175-44ec-a2e1-71b2f23bada8,2025-05-23 08:00,2025-05-24 08:00,2025-05-23 08:17,2025-05-24 08:00,2025-05-24 08:00,120,120
88e10bc7-47ff-47fd-aa10-06b13fb1f790,2025-05-24,1936256,924b60e1-b175-44ec-a2e1-71b2f23bada8,2025-05-24 08:00,2025-05-25 08:00,2025-05-24 08:18,2025-05-25 08:00,2025-05-25 08:00,120,120
30bc6900-6cd9-47c1-b470-540a783a7038,2025-05-25,1937182,76fba10b-ce1b-441d-befd-c8bd195fe3be,2025-05-25 08:00,2025-05-26 08:00,2025-05-25 08:16,2025-05-26 08:00,2025-05-26 08:00,120,120
107b8416-4388-4052-ab69-8ad4bf5f70a8,2025-05-25,1937184,924b60e1-b175-44ec-a2e1-71b2f23bada8,2025-05-25 08:00,2025-05-26 08:00,2025-05-25 08:16,2025-05-26 08:00,2025-05-26 08:00,120,120
b0b32483-c0fc-4f2e-9d99-d42b91987512,2025-05-25,1937185,924b60e1-b175-44ec-a2e1-71b2f23bada8,2025-05-25 08:00,2025-05-26 08:00,2025-05-25 08:16,2025-05-26 08:00,2025-05-26 08:00,120,120
74fc267d-b272-440a-a0de-f0d0c5b26211,2025-05-26,1938115,924b60e1-b175-44ec-a2e1-71b2f23bada8,2025-05-26 08:00,2025-05-27 08:00,2025-05-26 08:17,2025-05-27 08:00,2025-05-27 08:00,120,120
8fa3e30c-88ec-4ff7-923b-bae5cc3b6f18,2025-05-26,1938114,924b60e1-b175-44ec-a2e1-71b2f23bada8,2025-05-26 08:00,2025-05-27 08:00,2025-05-26 08:17,2025-05-27 08:00,2025-05-27 08:00,120,120
17f94492-9400-4fed-ae41-851dd8a3f758,2025-05-26,1938112,76fba10b-ce1b-441d-befd-c8bd195fe3be,2025-05-26 08:00,2025-05-27 08:00,2025-05-26 08:17,2025-05-27 08:00,2025-05-27 08:00,120,120
be78cfae-6c8d-450d-9b2b-7624874ffb65,2025-05-27,1936255,924b60e1-b175-44ec-a2e1-71b2f23bada8,2025-05-27 08:00,2025-05-28 08:00,2025-05-27 08:18,2025-05-28 08:00,2025-05-28 08:00,120,120
66500c6c-8110-4a46-8923-77b969701f67,2025-05-28,1951772,76fba10b-ce1b-441d-befd-c8bd195fe3be,2025-05-28 08:15,2025-05-28 10:15,2025-05-28 08:15,2025-05-28 10:15,2025-05-28 10:15,120,120
41cc9528-7268-42bc-a916-282cd093cfa8,2025-05-29,1937184,924b60e1-b175-44ec-a2e1-71b2f23bada8,2025-05-29 08:00,2025-05-30 08:00,2025-05-29 08:16,2025-05-30 08:00,2025-05-30 08:00,120,120
4fb01be0-2442-42e5-8cda-71ca3400c30b,2025-05-30,1938114,924b60e1-b175-44ec-a2e1-71b2f23bada8,2025-05-30 08:00,2025-05-31 08:00,2025-05-30 08:17,2025-05-31 08:00,2025-05-31 08:00,120,120
8475f4e5-b171-439c-b519-7b4c76383b25,2025-05-31,1936253,76fba10b-ce1b-441d-befd-c8bd195fe3be,2025-05-31 08:00,2025-06-01 08:00,2025-05-31 08:18,2025-06-01 08:00,2025-06-01 08:00,120,120
b5b8b5aa-e328-4f93-8ec0-3f339ad9ddae,2025-06-01,1937182,76fba10b-ce1b-441d-befd-c8bd195fe3be,2025-06-01 08:00,2025-06-02 08:00,2025-06-01 08:16,2025-06-02 08:00,2025-06-02 08:00,120,120
3fc6ef41-8b44-4287-b7f4-71f2aef1026c,2025-06-01,1937185,924b60e1-b175-44ec-a2e1-71b2f23bada8,2025-06-01 08:00,2025-06-02 08:00,2025-06-01 08:16,2025-06-02 08:00,2025-06-02 08:00,120,120
6bf058f8-5814-48fe-a96a-e1f078ab2728,2025-06-02,1938115,924b60e1-b175-44ec-a2e1-71b2f23bada8,2025-06-02 08:00,2025-06-03 08:00,2025-06-02 08:17,2025-06-03 08:00,2025-06-03 08:00,120,120
568c8bc3-32cd-48fe-b67e-bc998c9bb0d1,2025-06-02,1938114,924b60e1-b175-44ec-a2e1-71b2f23bada8,2025-06-02 08:00,2025-06-03 08:00,2025-06-02 08:17,2025-06-03 08:00,2025-06-03 08:00,120,120
59fd0941-35de-449c-bbeb-752b7fb9dcab,2025-06-03,1936256,924b60e1-b175-44ec-a2e1-71b2f23bada8,2025-06-03 08:00,2025-06-04 08:00,2025-06-03 08:18,2025-06-04 08:00,2025-06-04 08:00,120,120
a86fbf57-a52f-4a83-a0c2-cf05e16e39fc,2025-06-03,1936255,924b60e1-b175-44ec-a2e1-71b2f23bada8,2025-06-03 08:00,2025-06-04 08:00,2025-06-03 08:18,2025-06-04 08:00,2025-06-04 08:00,120,120
a65edade-f62c-4738-9e3a-3e7561b179f3,2025-06-03,1936253,76fba10b-ce1b-441d-befd-c8bd195fe3be,2025-06-03 08:00,2025-06-04 08:00,2025-06-03 08:18,,2025-06-04 08:00,120,120
4c2aa71e-7a24-4068-a5fb-2b411d53e310,2025-06-05,1937185,924b60e1-b175-44ec-a2e1-71b2f23bada8,2025-06-05 08:00,2025-06-06 08:00,2025-06-05 08:16,2025-06-06 08:00,2025-06-06 08:00,120,120
8a3299f8-9d51-4887-896c-0af9bb4ca547,2025-06-04,1951775,924b60e1-b175-44ec-a2e1-71b2f23bada8,2025-06-04 08:00,2025-06-05 08:00,2025-06-04 08:16,2025-06-05 08:00,2025-06-05 08:00,120,120
86b743b8-2924-483c-bc42-4a4b09c75d65,2025-06-05,1937182,76fba10b-ce1b-441d-befd-c8bd195fe3be,2025-06-05 08:00,2025-06-06 08:00,2025-06-05 08:16,2025-06-06 08:00,2025-06-06 08:00,120,120
e632b2cd-0cf4-4a68-a73f-050c6e8f699b,2025-06-04,1951774,924b60e1-b175-44ec-a2e1-71b2f23bada8,2025-06-04 08:00,2025-06-05 08:00,2025-06-04 08:15,,2025-06-05 08:00,120,120
2e994e8a-3fcd-456d-a489-d9b655868461,2025-06-06,1938112,76fba10b-ce1b-441d-befd-c8bd195fe3be,2025-06-06 08:00,2025-06-07 08:00,2025-06-06 08:17,2025-06-07 08:00,2025-06-07 08:00,120,120
02b39a91-13b1-46cf-a4cc-a679cdb04488,2025-06-07,1936255,924b60e1-b175-44ec-a2e1-71b2f23bada8,2025-06-07 08:00,2025-06-08 08:00,2025-06-07 08:18,,2025-06-08 08:00,120,120
faabbdad-7dd2-4965-ab5c-bd722995c276,2025-06-07,1936256,924b60e1-b175-44ec-a2e1-71b2f23bada8,2025-06-07 08:00,2025-06-08 08:00,2025-06-07 08:19,2025-06-08 08:00,2025-06-08 08:00,120,120
9fe69f84-5f6e-436f-9b64-d5826ebeda94,2025-06-08,1937182,76fba10b-ce1b-441d-befd-c8bd195fe3be,2025-06-08 08:00,2025-06-09 08:00,2025-06-08 08:16,2025-06-09 08:00,2025-06-09 08:00,120,120
a519a866-b612-471d-b2f8-b7ac1d1755d2,2025-06-08,1937185,924b60e1-b175-44ec-a2e1-71b2f23bada8,2025-06-08 08:00,2025-06-09 08:00,2025-06-08 08:16,2025-06-09 08:00,2025-06-09 08:00,120,120
87ba70f1-3818-44a1-9ecf-fd7b33b74708,2025-06-08,1937184,924b60e1-b175-44ec-a2e1-71b2f23bada8,2025-06-08 08:00,2025-06-09 08:00,2025-06-08 08:16,2025-06-09 08:00,2025-06-09 08:00,120,120
d5727be2-dd54-415b-99c5-b3243878eb26,2025-06-09,1938112,76fba10b-ce1b-441d-befd-c8bd195fe3be,2025-06-09 08:00,2025-06-10 08:00,2025-06-09 08:17,2025-06-10 08:00,2025-06-10 08:00,120,120
fb1c5eac-6a53-4804-8260-b84360779371,2025-06-09,1938113,76fba10b-ce1b-441d-befd-c8bd195fe3be,2025-06-09 08:00,2025-06-10 08:00,2025-06-09 08:17,,2025-06-10 08:00,120,120
70c164f7-21cd-4836-ace9-88b7337e0df3,2025-06-10,1936253,76fba10b-ce1b-441d-befd-c8bd195fe3be,2025-06-10 08:18,2025-06-10 10:18,2025-06-10 08:18,2025-06-10 10:18,2025-06-10 10:18,120,120
c7f7ffa6-461f-4e21-a1f7-885d78c37254,2025-06-10,1936256,924b60e1-b175-44ec-a2e1-71b2f23bada8,2025-06-10 08:00,2025-06-11 08:00,2025-06-10 08:19,2025-06-11 08:00,2025-06-11 08:00,120,120
149e4244-1678-46e2-bde3-bddad7ffa203,2025-06-10,1936255,924b60e1-b175-44ec-a2e1-71b2f23bada8,2025-06-10 08:00,2025-06-11 08:00,2025-06-10 08:18,2025-06-11 08:00,2025-06-11 08:00,120,120
34c0e6d1-8717-487a-af34-e7ee716ca7ec,2025-06-11,1951774,924b60e1-b175-44ec-a2e1-71b2f23bada8,2025-06-11 08:00,2025-06-12 08:00,2025-06-11 08:15,2025-06-12 08:00,2025-06-12 08:00,120,120
556cbce2-734b-406b-b023-d4fdb9ca796f,2025-06-11,1951772,76fba10b-ce1b-441d-befd-c8bd195fe3be,2025-06-11 08:00,2025-06-12 08:00,2025-06-11 08:15,,2025-06-12 08:00,120,120
5adf755f-0b83-47a3-98be-61f3a5c12e8b,2025-06-12,1937183,76fba10b-ce1b-441d-befd-c8bd195fe3be,2025-06-12 08:00,2025-06-13 08:00,2025-06-12 08:16,2025-06-13 08:00,2025-06-13 08:00,120,120
d05ae583-b14a-4414-a729-e8320ba6e2b4,2025-06-12,1937184,924b60e1-b175-44ec-a2e1-71b2f23bada8,2025-06-12 08:00,2025-06-13 08:00,2025-06-12 08:16,2025-06-13 08:00,2025-06-13 08:00,120,120
b2e85260-1a00-4b1f-a345-f296dea23009,2025-06-13,1938114,924b60e1-b175-44ec-a2e1-71b2f23bada8,2025-06-13 08:00,2025-06-14 08:00,2025-06-13 08:17,2025-06-14 08:00,2025-06-14 08:00,120,120
752b3928-41d9-404c-a2a9-01d370c35482,2025-06-14,1936256,924b60e1-b175-44ec-a2e1-71b2f23bada8,2025-06-14 08:00,2025-06-15 08:00,2025-06-14 08:18,2025-06-15 08:00,2025-06-15 08:00,120,120
920166e1-ecae-4b15-b8d9-0c87a274257f,2025-06-15,1937182,76fba10b-ce1b-441d-befd-c8bd195fe3be,2025-06-15 08:00,2025-06-16 08:00,2025-06-15 08:16,2025-06-16 08:00,2025-06-16 08:00,120,120
0f109c49-78a0-4e24-ad80-256ea794cc64,2025-06-16,1938112,76fba10b-ce1b-441d-befd-c8bd195fe3be,2025-06-16 08:00,2025-06-17 08:00,2025-06-16 08:17,,2025-06-17 08:00,120,120
9b85f0ab-c027-428e-97dd-1bd909136ea6,2025-06-17,1936253,76fba10b-ce1b-441d-befd-c8bd195fe3be,2025-06-17 08:00,2025-06-18 08:00,2025-06-17 08:18,2025-06-18 08:00,2025-06-18 08:00,120,120
82a3a296-5290-424b-a4e2-4df0d4096b2d,2025-06-17,1936254,76fba10b-ce1b-441d-befd-c8bd195fe3be,2025-06-17 08:18,2025-06-17 10:18,2025-06-17 08:18,2025-06-17 10:18,2025-06-17 10:18,120,120
8af4f6dc-a650-48a0-af2f-f25ab71e0c8c,2025-06-18,1951775,924b60e1-b175-44ec-a2e1-71b2f23bada8,2025-06-18 08:00,2025-06-19 08:00,2025-06-18 08:15,2025-06-19 08:00,2025-06-19 08:00,120,120
f4bbcb11-0b76-4ba0-b3e2-346af36f3523,2025-06-19,1937183,76fba10b-ce1b-441d-befd-c8bd195fe3be,2025-06-19 08:16,2025-06-19 10:16,2025-06-19 08:16,2025-06-19 10:16,2025-06-19 10:16,120,120
388d70fe-1da3-4385-947c-e866fb4bca97,2025-06-20,1938112,76fba10b-ce1b-441d-befd-c8bd195fe3be,2025-06-20 08:00,2025-06-21 08:00,2025-06-20 08:17,2025-06-21 08:00,2025-06-21 08:00,120,120
ebe94c65-6f41-4bb2-b380-eb52d7f97df8,2025-06-21,1936255,924b60e1-b175-44ec-a2e1-71b2f23bada8,2025-06-21 08:00,2025-06-22 08:00,2025-06-21 08:18,2025-06-22 08:00,2025-06-22 08:00,120,120
08c5ab84-7129-45fb-8e9f-530e23841e98,2025-06-21,1936253,76fba10b-ce1b-441d-befd-c8bd195fe3be,2025-06-21 08:00,2025-06-22 08:00,2025-06-21 08:18,2025-06-22 08:00,2025-06-22 08:00,120,120
27e42f5a-b87d-46ec-8940-85ddd9cfd012,2025-06-22,1937184,924b60e1-b175-44ec-a2e1-71b2f23bada8,2025-06-22 08:00,2025-06-23 08:00,2025-06-22 08:16,2025-06-23 08:10,2025-06-23 08:10,120,120
822d4b89-c3e5-482f-8466-bddb65dc5861,2025-06-23,1938114,924b60e1-b175-44ec-a2e1-71b2f23bada8,2025-06-23 08:00,2025-06-24 08:00,2025-06-23 08:17,2025-06-24 08:00,2025-06-24 08:00,120,120
58fded55-d04a-49c3-b838-63eb6827b49d,2025-06-24,1936254,76fba10b-ce1b-441d-befd-c8bd195fe3be,2025-06-24 08:00,2025-06-25 08:00,2025-06-24 08:18,2025-06-25 08:00,2025-06-25 08:00,120,120
5d25dc54-c168-4dfa-9087-b7fefbd6a8bd,2025-06-24,1936253,76fba10b-ce1b-441d-befd-c8bd195fe3be,2025-06-24 08:18,2025-06-24 10:18,2025-06-24 08:18,2025-06-24 10:18,2025-06-24 10:18,120,120
9c78c58c-b6f4-4549-9c7b-362e794c85fc,2025-06-25,1951772,76fba10b-ce1b-441d-befd-c8bd195fe3be,2025-06-25 08:00,2025-06-26 08:00,2025-06-25 08:15,2025-06-26 08:00,2025-06-26 08:00,120,120
7c078412-01ad-452d-9ec7-ba36a1a6f547,2025-06-26,1937185,924b60e1-b175-44ec-a2e1-71b2f23bada8,2025-06-26 08:00,2025-06-27 08:00,2025-06-26 08:16,2025-06-27 08:00,2025-06-27 08:00,120,120
fb427a9d-f2c2-4120-9b97-4bd68060b19e,2025-06-26,1937184,924b60e1-b175-44ec-a2e1-71b2f23bada8,2025-06-26 08:00,2025-06-27 08:00,2025-06-26 08:16,2025-06-27 08:00,2025-06-27 08:00,120,120
bb4a4732-6383-4981-b3ea-3dcc178e6f28,2025-06-27,1938112,76fba10b-ce1b-441d-befd-c8bd195fe3be,2025-06-27 08:00,2025-06-28 08:00,2025-06-27 08:17,2025-06-28 08:00,2025-06-28 08:00,120,120
7168eb8f-6069-4f1c-bfb6-dc563491d0fe,2025-06-28,1936256,924b60e1-b175-44ec-a2e1-71b2f23bada8,2025-06-28 08:00,2025-06-29 08:00,2025-06-28 08:19,2025-06-29 08:00,2025-06-29 08:00,120,120
5f9e9505-e326-4ae8-b4f7-60034cbecb7a,2025-06-28,1936254,76fba10b-ce1b-441d-befd-c8bd195fe3be,2025-06-28 08:00,2025-06-29 08:00,2025-06-28 08:18,2025-06-29 08:00,2025-06-29 08:00,120,120
6e44e5c7-8906-4998-85f8-ff4767b4a7d8,2025-06-28,1936255,924b60e1-b175-44ec-a2e1-71b2f23bada8,2025-06-28 08:00,2025-06-29 08:00,2025-06-28 08:18,2025-06-29 08:00,2025-06-29 08:00,120,120
d4c4d293-8f37-4838-9d29-2494dc7dad42,2025-06-29,1937182,76fba10b-ce1b-441d-befd-c8bd195fe3be,2025-06-29 08:00,2025-06-30 08:00,2025-06-29 08:16,2025-06-30 08:00,2025-06-30 08:00,120,120
fe21d3b6-351b-430d-ae40-ff96f79b3bde,2025-06-29,1937183,76fba10b-ce1b-441d-befd-c8bd195fe3be,2025-06-29 08:00,2025-06-30 08:00,2025-06-29 08:16,2025-06-30 08:00,2025-06-30 08:00,120,120
6d5ef4aa-d6d4-4089-8b70-1527111483bf,2025-06-30,1938115,924b60e1-b175-44ec-a2e1-71b2f23bada8,2025-06-30 08:00,2025-07-01 08:00,2025-06-30 08:17,2025-07-01 08:00,2025-07-01 08:00,120,120
eb1cdd70-e3bb-4e70-afcb-48d5b299d768,2025-06-30,1938114,924b60e1-b175-44ec-a2e1-71b2f23bada8,2025-06-30 08:00,2025-07-01 08:00,2025-06-30 08:17,2025-07-01 08:00,2025-07-01 08:00,120,120
